S11320009CDF97A9018DB497209826B00D9CB497B6
S1132010A90B85928D9D944C72219CB497A2C7A064
S1132020E3209B23A910A258A0E6209523A901A28E
S113203083A0E9209A56B0034C7221A920A261A082
S1132040E6209523A20EA0CA207871B0034C722119
S1132050A930A26DA0E620952320E727B0034C7297
S113206021A940A277A0E620952320C728B0034CDD
S11320707221A950A280A0E6209523206C29B003E8
S11320804C7221A956A28AA0E6209523204C2CB09C
S1132090034C7221A958A292A0E620952320682F10
S11320A0B0034C7221A959A29AA0E620952320D608
S11320B037B0034C7221A95AA2A2A0E6209523208E
S11320C0A138B0034C7221A95BA2ADA0E6209523F0
S11320D0206B3AB0034C7221A95CA2B7A0E620950C
S11320E023208B3DB0034C7221A95DA2C1A0E62040
S11320F09523208D49B0034C7221A95EA2CBA0E6A2
S113210020952320884FB0034C7221A960A2D5A04A
S1132110E620952320D854B0034C7221A970A2E084
S1132120A0E620952320C736B0034C7221A980A2D3
S1132130EBA0E6209523A2ECA0E720787190034C55
S11321407221C907F0034C7221A990A2F8A0E620DD
S11321509523201A57B0034C722148DA5A20982646
S1132160B0034C6D212045237AFA6838607AFA6806
S11321708000AD9E948D9F94A5928DA094A5918D81
S1132180A194209826900320A123AD9F94AEA094FF
S1132190ACA1941860204627B0034C2522A294A039
S11321A0E3209B23203722B0021860204627B00387
S11321B04C2522A2A0A0E3209827A20EA0C9207F2C
S11321C027B00E8DC1972046279067209D224CABE7
S11321D0218DC297F0D5AD0EC9C92ED005AD0FC95A
S11321E0F0359C9197A5808DC397A5818DC497A246
S11321F00EA0C920DD57B0118DC19720462790321B
S1132200207A222040224CAB212046279024205DB6
S113221022204B224CAB212046279016A2C4A0E3D7
S1132220209B233860A90B8DC1972098269003200A
S11322309D22ADC1971860A901A200A0704C9A56C6
S1132240A901AEC397ACC4974C9A56AD9C94C901EE
S1132250D0023860A901A680A4814C9A56A2A5A0F8
S1132260E3209827A58120B227A58020B22720AD9E
S113227022200F23202C234CDA27A2ACA0E32098A1
S113228027ADC19720B227A208A0E7209827ADC4A4
S11322909720B227ADC39720B2274CDA27A2B1A06A
S11322A0E3209827ADC19720B2274CDA27ADCE970B
S11322B0C902F015C903F00160ADD997C918F00936
S11322C0C91EF005C91DF00160A581CDC497F001B8
S11322D060A58038EDC397F004C9119001608DC5E5
S11322E097ADC39785A6ADC49785A79CC697A2B79B
S11322F0A0E3209827ADC697CDC597F0E0A920208C
S11323007C27ACC697B1A620B227EEC69780E6AD6F
S1132310CF972909C909D013A277A0E7209827AD40
S1132320C49720B227ADC39720B22760AD9197F030
S113233013A2BEA0E3209827AD939720B227AD92B5
S11323409720B22760A2D3A0E3209B23208323A25B
S1132350FFA0E6209827ADB89720B227ADB7972005
S1132360B227A202A0E7209827AD8D9720B227A21A
S113237008A0E7209827A58120B227A58020B227AE
S11323804CDA27ADB2970DDF972902F007A23EA0E1
S1132390E6209B23608D9E944C9B232098274CDA47
S11323A027A2E4A0E320982720DA2720DB23200BB0
S11323B024A2F7A0E3209827AD9F9420B227A2FA85
S11323C0A0E3209827ADA09420B227A2FEA0E3208A
S11323D09827ADA19420B2274CDA27AD9F94C95C0D
S11323E0F00DC95DF010C95EF013C970F01660A25B
S11323F0B7A0E64C9B23A2C1A0E64C9B23A2CBA092
S1132400E64C9B23A2E0A0E64C9B23AD9F94C95CC1
S1132410F008C95DD0034C362560ADA194C9A1D0A4
S1132420034CAA24C9A2D0034CB124C9A3D0034CA1
S1132430B824C9A4D0034CBF24C9A5D0034CC624D6
S1132440C9A6D0034CCD24C9A7D0034CD424C9AC0D
S1132450D0034CDB24C9AFD0034CE224C9B1D00370
S11324604CE924C9B2D0034CF024C9B3D0034CF7CF
S113247024C9B4D0034CFE24C9B5D0034C0525C9E6
S1132480B6D0034C0C25C9B7D0034C1325C9B8D01A
S1132490034C1A25C9B9D0034C2125C9BAD0034C21
S11324A02825C9BBD0034C2F2560A202A0E44C9B75
S11324B023A20BA0E44C9B23A213A0E44C9B23A2D5
S11324C021A0E44C9B23A22BA0E44C9B23A232A08A
S11324D0E44C9B23A239A0E44C9B23A248A0E44CE7
S11324E09B23A252A0E44C9B23A25FA0E44C9B2319
S11324F0A26EA0E44C9B23A27CA0E44C9B23A28B61
S1132500A0E44C9B23A298A0E44C9B23A2A6A0E4A5
S11325104C9B23A2B4A0E44C9B23A2C5A0E44C9BF7
S113252023A2D7A0E44C9B23A2E9A0E44C9B23A2C2
S1132530F6A0E44C9B23ADA194C9C1D0034CE9257A
S1132540C9C2D0034CF025C9C3D0034CF725C9C474
S1132550D0034CFE25C9C5D0034C0526C9C6D003FB
S11325604C0C26C9C7D0034C1326C9C8D0034C1A37
S113257026C9C9D0034C2126C9CAD0034C2826C970
S1132580CBD0034C2F26C9CCD0034C3626C9CDD092
S1132590034C3D26C9CED0034C4426C9CFD0034CAE
S11325A04B26C9D0D0034C5226C9D1D0034C59264E
S11325B0C9D2D0034C6026C9D3D0034C6726C9D4F2
S11325C0D0034C6E26C9D5D0034C7526C9D6D0038A
S11325D04C7C26C9D7D0034C8326C9D8D0034C8A57
S11325E026C9D9D0034C912660A202A0E54C9B23B6
S11325F0A20EA0E54C9B23A21DA0E54C9B23A22880
S1132600A0E54C9B23A234A0E54C9B23A23DA0E56E
S11326104C9B23A249A0E54C9B23A257A0E54C9BCD
S113262023A266A0E54C9B23A275A0E54C9B23A2A4
S113263081A0E54C9B23A28CA0E54C9B23A298A0EF
S1132640E54C9B23A2A1A0E54C9B23A2ADA0E54CA5
S11326509B23A2B9A0E54C9B23A2C9A0E54C9B23D4
S1132660A2DAA0E54C9B23A2E8A0E54C9B23A2F8A8
S1132670A0E54C9B23A206A0E64C9B23A212A0E655
S11326804C9B23A21DA0E64C9B23A229A0E64C9BB5
S113269023A232A0E64C9B23ADB397F01BADB697B3
S11326A0F016ADB897F011ADBA97F00CADBE97F037
S11326B007ADC097F00238609CB397A9718D9E94C2
S11326C0AE007EAC017EC0C09074C0FFD004E0FFB9
S11326D0F06C8EB5978CB697A9728D9E94A280A04B
S11326E0E320682790588EB7978CB897ADB497F0CD
S11326F007A24FA0E6209B23A9768D9E94A284A0D6
S1132700E320682790388EB9978CBA97A9748D9E68
S113271094A28CA0E320682790248EBD978CBE974A
S1132720A9758D9E94A290A0E320682790108EBF77
S1132730978CC0979CB497A9018DB39738609CB3CC
S1132740979CB4971860209826901BADBC97D01422
S1132750A9738D9E94A288A0E320682790088EBB5D
S1132760978CBC9738601860868884892079279074
S11327700686868487386018606CB5976CB7976C4A
S1132780BB97868C848DA000B18CF00B207C27E64F
S11327908CD0F3E68D80EF60868C848DA000B18CA4
S11327A0300B207C27E68CD0F3E68D80EF297F4C1C
S11327B07C27484A4A4A4A20C02768290F4CC02728
S11327C0290FC90A90061869374C7C271869304CC0
S11327D07C27DA20B227684CB227A90D207C27A9D0
S11327E00A4C7C274CC528A20EA0CA20787190F40C
S11327F020197290EFA595C901D0E9A590C903D01D
S1132800E3A5B0C979D0DDA5B1C907D0D7A5B2C9B0
S1132810F8D0D1A5B3C9DED0CB20197290C6A59546
S1132820C902D0C0A594C902D0BAA59AC900D0B42F
S1132830A59BC970D0AEA218A0CA20787190A5201B
S1132840197290A0A595C901D07BA5932901F075B3
S11328502019729070A595C901D06A2019729065EB
S1132860A595C904D05FA594C923D05920197290A5
S113287054A595C902D04EA594C901D048A59AC9BA
S113288001D042A226A0CA207871903920197290F2
S113289034A595C903D02EA59AC961D028A22AA02F
S11328A0CA207871901F201972901AA595C902D078
S11328B014A594C904D00EA59AC901D008A598C935
S11328C001D00238601860A901A234A0CA203929B5
S11328D09065A902A238A0CA203929905AA902A257
S11328E03BA0CA203929904FA902A23EA0CA203990
S11328F0299044A902A241A0CA2039299039A903E8
S1132900A24EA0CA203929902EA903A250A0CA2001
S113291039299023A902A248A0CA2039299018A9CC
S113292000A252A0CA203929900DA900A258A0CA19
S1132930203929900238601860858C20787190279E
S1132940201972902220AC74B004648A8004A90116
S1132950858A98C58CD010A58CF006A58AF0083815
S113296060A58AD002386018604C422BA900A25C92
S1132970A0CA20442B90F2A901A269A0CA20442B2A
S113298090E7A901A26FA0CA20442B90DCADCF9799
S11329902902F0D5A902A276A0CA20442B90CAAD80
S11329A0CF972904F0C3A92320722B90BCA902A2BB
S11329B07DA0CA20442B903BADCF972905C905D0F3
S11329C032ADCF972902D02BA92320722B9024A9B2
S11329D002A28AA0CA20442B9019ADCF972905C919
S11329E005D010ADCF972902F009A92320722B90AE
S11329F00280034C422BA903A298A0CA20442B9026
S1132A0068ADCF972905C905D05FA92420722B9002
S1132A1058A903A239A0CB20442B904DADCF9729C0
S1132A2005C905D044ADCF972908F03DA9242072EB
S1132A302B9036A903A245A0CB20442B902BADCFDD
S1132A40972905C905D022ADCF972908F01BA924E1
S1132A5020722B9014A903A253A0CB20442B9009DD
S1132A60A92420722B900280034C422BA903A25D5F
S1132A70A0CB20442B9010ADCF972904D009A900F6
S1132A8020722B900280034C422BA908A261A0CB98
S1132A9020592BB0034C422BA903A2A7A0CB205949
S1132AA02BB0034C422BA908A271A0CB20592BB008
S1132AB0034C422BA903A27BA0CB20592BB0034C7F
S1132AC0422BA903A27FA0CB20592BB0034C422B4D
S1132AD0A903A288A0CB20592BB0034C422BA903F5
S1132AE0A290A0CB20592BB0034C422BA908A2984A
S1132AF0A0CB20592BB0034C422BA901A2A1A0CBFF
S1132B0020442BB0034C422BADCF972940D0034C2B
S1132B10422BA903A2ADA0CB20442BB0034C422BE3
S1132B20ADCF972908D0034C422BA901A2B7A0CB63
S1132B3020442BB0034C422B208D2BB0034C422B52
S1132B4038601860858C2078719025201475902049
S1132B50ADCE97C58CD0193860858C2078719010D3
S1132B602014759005208676B006C58CD002386096
S1132B701860858CADDA97858AADDB97858BA000CC
S1132B80B18AC58CD002386018604C4A2CA903A2C3
S1132B90BDA0CB20442B90F2A903A2CFA0CB20440C
S1132BA02B90E7A903A2DDA0CB20442B90DCA90342
S1132BB0A2FDA0CC20442B90D1A902A2EAA0CB2054
S1132BC0442B90C6A902A20AA0CC20442B90BBA9F6
S1132BD002A21AA0CC20442B90B0A902A22DA0CC12
S1132BE020442B9065A902A23FA0CC20442B905AEC
S1132BF0A902A24FA0CC20442B904FA902A25FA00F
S1132C00CC20442B9044A902A26BA0CC20442B904E
S1132C1039A902A27EA0CC20442B902EA902A28F17
S1132C20A0CC20442B9023A903A29BA0CC20442B0E
S1132C309018A903A2C6A0CC20442B900DA903A2EE
S1132C40F1A0CC20442B900238601860A2D6A0E1F9
S1132C50201F80B0034C3E2EA595C900F0034C3EC6
S1132C602EA594C900F0034C3E2EA59AC90AF00380
S1132C704C3E2EA59BF0034C3E2EA2D9A0E120137E
S1132C80809032A595C901D02CA594C904D026A55D
S1132C909AD022A59BC932D01CADE197D017A2DEF1
S1132CA0A0E1201380900EA59AC9BBD008A59BC9AA
S1132CB0BAD00280034C3E2EA2E3A0E1201F80B0D4
S1132CC0034C3E2EA595C901F0034C3E2EA594C994
S1132CD003F0034C3E2EA59AC912F0034C3E2EA5D8
S1132CE09BF0034C3E2EA2E7A0E1201F80B0034CD2
S1132CF03E2EA595C901F0034C3E2EA594C904F0BF
S1132D00034C3E2EA59AC912F0034C3E2EA59BF00F
S1132D10034C3E2EA2EDA0E1201F80B0034C3E2EBA
S1132D20A595C900F0034C3E2EA594C901F0034CAF
S1132D303E2EA59AC941F0034C3E2EA2F1A0E120FB
S1132D401F80B0034C3E2EA595C902F0034C3E2EC5
S1132D50A594C905F0034C3E2EA59AC901F0034C75
S1132D603E2EA598C901F0034C3E2EA9348580A9B6
S1132D70128581A2FBA0E1201F80B0034C3E2EA54A
S1132D8095C901F0034C3E2EA594C904F0034C3EB2
S1132D902EA59AC934F0034C3E2EA59BC912F0030C
S1132DA04C3E2EA2FDA0E1201F80B0034C3E2EA578
S1132DB095C901F0034C3E2EA594C904F0034C3E82
S1132DC02EA59AC913D077A59BF0034C3E2EA205DD
S1132DD0A0E2201F80B0034C3E2EA595C901D05E11
S1132DE0A594C903D058A59AC913D052A59BF00342
S1132DF04C3E2EA20BA0E2201F80B0034C3E2EA519
S1132E0095C900D039A594C900D033A59AC901D079
S1132E102DA59BF0034C3E2EA217A0E2201F80900C
S1132E20034C3E2EC906F0034C3E2EA21DA0E22008
S1132E301F8090034C3E2EC903F0054C3E2E1860B3
S1132E40A9FA85A8A9E285A9A000B1A8F042AAC858
S1132E50B1A8A8201F8090E6A002A59AD1A8D0DE30
S1132E60C8A59BD1A8D0D7C8A598D1A8D0D0C8A5AB
S1132E7099D1A8D0C9C8A595D1A8D0C2C8A594D1C4
S1132E80A8D0BBA5A818690885A890BCE6A980B8F5
S1132E90A27BA0E2201F80B0A5C906D0A1A281A078
S1132EA0E2201F80B098C903D09420B52E90034C23
S1132EB02A2F4C3E2EA901A283A0E9209A5690689D
S1132EC0A285A0E220FB3C905F20302F905AA2B252
S1132ED0A0E220FB3C9051A2C2A0E220FB3C90481F
S1132EE0A2CDA0E220FB3C903FA2D7A0E220FB3C75
S1132EF09036A2E1A0E220FB3C902DA2EBA0E220C0
S1132F00FB3C9024A580C90BD01EA581C970D018A4
S1132F10ADB394C903D011A200BD83E9DDEFE2D0C3
S1132F2007E8E00BD0F338601860A9008592386098
S1132F30A28FA0E220DD57B02AC906D026A29AA00B
S1132F40E220DD57B01DC903D019A2A3A0E220DD01
S1132F5057B010C905D00CA580D008A581C970D080
S1132F6002386018604C5730A901A283A0E9209A66
S1132F705690F2A25CA0CA20DD5790E9ADA294C994
S1132F8001D0E2ADA394D0DDA253A0CB20DD5790B5
S1132F90D420433690CFA27BA0E320DD5790C6A275
S1132FA07DA0CA20DD5790BDAD0070C9A9D0B6ADD3
S1132FB00170C901D0AFA580C902D0A9A581C9708B
S1132FC0D0A3A298A0CA20DD57909A204F3690959E
S1132FD04C5730A2A5A0CA20DD5790F4A2B8A0CACD
S1132FE020DD5790EBA2CEA0CA20DD5790E2A2E7E5
S1132FF0A0CA20DD5790D9A202A0CB20DD5790D0E3
S1133000A220A0CB20DD5790C7A22CA0CB20DD5757
S113301090BE20723690B9A25DA0CB20DD5790B04F
S1133020AD9C94C902F0034C652FA276A0CA20DDA2
S113303057B024C903D020AD9C94C903D019ADA2C4
S113304094C90ED012205930900DA901A283A0E991
S1133050209A56900238601860A901A283A0E92042
S11330609A56906EA21BA0D920DD57B065C906D030
S113307061AD9C94C901D05AA580C900D054A581E2
S1133080C970D04EADA694C900D047ADA794C970FD
S1133090D040AD8D97D03BAD9097D036A233A0D918
S11330A020DD57902DAD83E9C9EAD026A580C9015A
S11330B0D020A581C970D01AADA694C901D013AD92
S11330C0A794C970D00C20A835900720D430900262
S11330D038601860A901A2FFA07C209A56903DA9EF
S11330E05A8DFF7CA23FA0D920DD57B02FC906D04E
S11330F02BAD9C94C901D024A580C9FFD01EA58105
S1133100C97CD018ADA694C9FFD011ADA794C97CD1
S1133110D00AADFF7CC95AD0034C1F314CA635A947
S113312001A2FFA07C209A569021A96B8DFF7CA25E
S113313050A0D920DD57B013C906D00F2016359002
S11331400AADFF7CC96BD0034C4E314CA635A901A6
S1133150A2FFA07C209A569021A97C8DFF7CA263BB
S1133160A0D920DD57B013C906D00F201635900A18
S1133170ADFF7CC97CD0034C7D314CA635A901A29E
S1133180FFA07C209A56901DA9008DFF7CA274A0FC
S1133190D920DD57900F208535900AADFF7CC9A555
S11331A0D0034CA8314CA635A901A2FFA07C209ADB
S11331B056901DA9008DFF7CA283A0D920DD5790D5
S11331C00F208535900AADFF7CC95CD0034CD33108
S11331D04CA635A901A2FEA07C209A5690259CFEFF
S11331E07C9CFF7CA23FA0D920DD5790162085351A
S11331F09011ADFE7CC9A9D00AADFF7CC912D003E1
S11332004C06324CA635A901A2FEA07C209A569009
S1133210259CFE7C9CFF7CA250A0D920DD579016F3
S11332202085359011ADFE7CC912D00AADFF7CC952
S113323034D0034C39324CA635A901A2FEA07C201F
S11332409A569023A9A58DFE7C8DFF7CA263A0D9FC
S113325020DD579012208535900DADFE7CD008AD51
S1133260FF7CD0034C6A324CA635A901A2FDA07C98
S1133270209A56902D9CFD7C9CFE7C9CFF7CA24554
S1133280A0CD20DD57901B2085359016ADFD7CC95F
S1133290ADD00FADFE7CC912D008ADFF7CD0034C7D
S11332A0A5324CA635A901A2FDA07C209A56902FE8
S11332B09CFD7C9CFE7C9CFF7CA294A0D920DD57C5
S11332C0901D2085359018ADFD7CC912D011ADFE3E
S11332D07CC934D00AADFF7CC956D0034CE2324CD1
S11332E0A635A901A2FDA07C209A56902BA9A58DF4
S11332F0FD7C8DFE7C8DFF7CA2ABA0D920DD579098
S1133300172085359012ADFD7CD00DADFE7CD00824
S1133310ADFF7CD0034C1B334CA635A901A2FEA003
S11333207C209A569049A96D8DFE7CA97E8DFF7CE8
S1133330A245A0CD20DD57B036C906D03220603575
S1133340902DADFE7CC96DD026ADFF7CC97ED01F0B
S1133350A233A0D920DD5790162016359011ADFE6A
S11333607CC9EAD00AADFF7CC97ED0034C72334CD1
S1133370A635A901A2FEA07C209A569049A96E8D7B
S1133380FE7CA97F8DFF7CA294A0D920DD57B036A6
S1133390C906D032206035902DADFE7CC96ED02692
S11333A0ADFF7CC97FD01FA233A0D920DD57901672
S11333B02016359011ADFE7CC9EAD00AADFF7CC958
S11333C07FD0034CC9334CA635A901A2FEA07C20B2
S11333D09A569049A9708DFE7CA9818DFF7CA2AB81
S11333E0A0D920DD57B036C906D032206035902DE3
S11333F0ADFE7CC970D026ADFF7CC981D01FA2333D
S1133400A0D920DD5790162016359011ADFE7CC949
S1133410EAD00AADFF7CC981D0034C23344CA635D5
S11334204C1335A901A2FFA07C209A5690F29CFF70
S11334307CA233A0D920DD5790E620853590E1ADFC
S1133440FF7CC9EAD0DAA23FA0D920DD57B0D1C9A8
S113345006D0CD20853590C8ADFF7CC9EAD0C14CDB
S11334601335A274A0D920DD57B0F4C906D0F020DA
S1133470853590EBADFF7CC9EAD0E4A283A0D920C6
S1133480DD57B0DBC906D0D720853590D2ADFF7C9F
S1133490C9EAD0CBA2E1A0D920DD579076203B35F4
S11334A09071A2E1A0D920DD57B068C908D064208A
S11334B08535905FAD8D97C901D058ADFF7CC9EAC1
S11334C0D051A2EDA0D920DD579048203B35904340
S11334D0A2EDA0D920DD57B03AC908D036208535F1
S11334E09031AD8D97C902D02AADFF7CC9EAD023B3
S11334F0A2F1A0CC20DD57901AAD9C94C902D01340
S1133500A580D00FA581C97DD009ADFF7CC9EAD0C3
S11335100238604CA635AD9C94C901D01CA580C965
S1133520FFD016A581C97CD010ADA694C9FFD009DF
S1133530ADA794C97CD00238601860AD8D97F01E99
S1133540AACABD0499C901D015BD8499C904D00E75
S1133550BD049AD009BD849AC97DD0023860186030
S1133560AD9C94C901D01CA580C9FED016A581C903
S11335707CD010ADA694C9FED009ADA794C97CD067
S11335800238601860AD9C94C901D018A580D0148D
S1133590A581C97DD00EADA694D009ADA794C97DEF
S11335A0D002386018601860A901A283A0E9209AAB
S11335B0569028A2BCA0D920DD57901FAD83E9C93D
S11335C0D0D018AD84E9C9FFD011AD9097C901D00E
S11335D00AADF6B2C901D0034CDE354C4136A2CC5B
S11335E0A0D920DD57B0F4C904D0F0A580C902D019
S11335F0EAA581C970D0E4AD8D97D0DFAD9097C9AD
S113360001D0D8ADF6B2C901D00AAD84E9C9FFD062
S1133610034C17364C4136A2D9A0D920DD5790F47B
S1133620ADF6B2C902D0EDAD84E9D0E8AD85E9C903
S1133630EAD0E1A580C903D0DBA581C970D0D53813
S1133640601860A580D07BA581C970D0753860AD45
S11336508D97F06EAACABD0499C901D065BD84993D
S1133660C903D05EBD049AC912D057BD849AD05202
S11336703860AD8D97F04BAACABD0499C900D042F9
S1133680BD8499C900D03BBD049AC901D034BD841E
S11336909AD02FAD0270C9A5D028AD0370C901D04E
S11336A021AD0470C9ADD01AAD0570C901D013ADF8
S11336B00670D00EA580C907D008A581C970D002B4
S11336C0386018604CD437A901A283A0E9209A5627
S11336D090F2A2BDA0CB20DD5790E9A2CFA0CB20D1
S11336E0DD5790E0A2FDA0CC20DD5790D7A2DDA04D
S11336F0CB20DD5790CEA2EAA0CB20DD5790C5A207
S11337000AA0CC20DD5790BCA21AA0CC20DD579093
S1133710B3A22DA0CC20DD5790AAA23FA0CC20DDDF
S11337205790A1A24FA0CC20DD579098A25FA0CCC7
S113373020DD57908FA26BA0CC20DD579086A27E0F
S1133740A0CC20DD57B0034CD437A28FA0CC20DD11
S113375057B0034CD437A29BA0CC20DD57B0034C08
S1133760D437A2C6A0CC20DD57B0034CD437A2F185
S1133770A0CC20DD57B0034CD437AD9C94C902F0E3
S1133780034CD43720A437B0034CD43720B837B017
S1133790034CD437A901A283A0E9209A56B0034C64
S11337A0D4373860A200BD0070DD62E1F0034CD470
S11337B037E8E027D0F03860A580C927D016A58166
S11337C0C970D010ADA694C927D009ADA794C9700B
S11337D0D00238601860A900AAA8209A56B0034CF9
S11337E09C38A9A220A559B0034C9C38A934A21234
S11337F020DB59B0034C9C38AD83E9C9A2F0034CDB
S11338009C38AD84E9C934F0034C9C38AD85E9C9D2
S113381012F0034C9C38A58038EDA494858CA581C6
S1133820EDA594F0034C9C38A58CC903F0034C9C83
S113383038ADA69438EDA494858CADA794EDA594E9
S1133840F0034C9C38A58CC903F0034C9C38201A17
S113385057B0034C9C38A90020A55990034C9C38C0
S1133860C903F0034C9C38A900AAA8209A56B003B7
S11338704C9C38A9FF85808581A90020A559900317
S11338804C9C38C906F0034C9C38A900AAA8209A7D
S113389056B0034C9C38A9008592386018604CD30C
S11338A05420555490F8A900A28FA0CC208854909D
S11338B0EDA900A25FA0CC20885490E2A901A291B6
S11338C0A0CD20885490D7A902A2EAA0CB20885486
S11338D090CCA59AD0C8A59BD0C4A902A26BA0CCB9
S11338E020885490B9A59AC910F0034CD354A59BD1
S11338F0F0034CD354A903A20BA0CD208854B003E9
S11339004CD354A90FA21BA0CD208854B0034CD390
S113391054A58AC903F0034CD354A59AC912F003E1
S11339204CD354A59BF0034CD354A910A22DA0CD85
S1133930208854B0034CD354A58AC903F0034CD354
S113394054A598C912F0034CD354A59AC910F00396
S11339504CD354A59BC970F0034CD354A904A2457D
S1133960A0CD208854B0034CD354A90AA257A0CDAB
S1133970208854B0034CD354A90BA269A0CD20884D
S113398054B0034CD354A90CA27DA0CD208854B0CC
S1133990034CD354A90DA2E3A0CD208854B0034C0A
S11339A0D354A90EA2F7A0CD208854B0034CD3540D
S11339B0A904A20AA0CC208854B0034CD354A9046F
S11339C0A23FA0CC208854B0034CD354A59AC9106C
S11339D0F0034CD354A59BC971F0034CD354A904F0
S11339E0A24FA0CC208854B0034CD354A59AC9103C
S11339F0F0034CD354A59BC971F0034CD354A906CE
S1133A00A22DA0CC208854B0034CD354A59AF00323
S1133A104CD354A59BC971F0034CD354A906A21AE4
S1133A20A0CC208854B0034CD354A5932901D003CF
S1133A304CD354A907A27EA0CC208854B0034CD305
S1133A4054A5932901D0034CD354A904A29FA0CD1B
S1133A5020A454B0034CD354A905A2ADA0CD20A4F6
S1133A6054B0034CD35438604C863D20653B90F8E9
S1133A70A2EAA0CB20FB3C90EFA2F9A0CB20FB3C18
S1133A8090E6A20AA0CC20FB3C90DDA22DA0CC2085
S1133A90FB3C90D4A23FA0CC20FB3C90CBA24FA0F7
S1133AA0CC20FB3C90C2A25FA0CC20FB3C90B9A2EE
S1133AB06BA0CC20FB3C90B0A27EA0CC20FB3C9021
S1133AC0A7A28FA0CC20FB3C909EA2D1A0CD20FB2E
S1133AD03C9026A2E3A0CD20FB3C901DA2F7A0CDF4
S1133AE020FB3C9014A20DA0CE20FB3C900BA21E08
S1133AF0A0CE20FB3C900280034C863D209B3B9053
S1133B00F820BB3B90F320DB3B90EE20FB3B90E99D
S1133B10201B3C90E4203B3C90DF205B3C90DA206F
S1133B207B3C90D5209B3C90D020BB3C90CB20DBB1
S1133B303C90C6202C3D90C120523D90BCA9478D9D
S1133B40D997A902859520315A90034C863DC90422
S1133B50F0034C863DA901A200A070209A56B00340
S1133B604C863D3860A900AAA8209A56902BA2CF73
S1133B70A0CB20DD579022A2DDA0CB20DD579019E9
S1133B80A2FDA0CC20DD579010A2BCA0CD200956E8
S1133B90900720678C900238601860A200BDB3D7EC
S1133BA0858CBDBDD7858DDAA68CA48D20FB3CFA0F
S1133BB09007E8E00AD0E638601860A200BDC7D7D5
S1133BC0858CBDD9D7858DDAA68CA48D20FB3CFAD3
S1133BD09007E8E012D0E638601860A200BDEBD789
S1133BE0858CBDF0D7858DDAA68CA48D20FB3CFA9C
S1133BF09007E8E005D0E638601860A200BDF5D76C
S1133C00858CBDF7D7858DDAA68CA48D20FB3CFA74
S1133C109007E8E002D0E638601860A200BDF9D74A
S1133C20858CBDFBD7858DDAA68CA48D20FB3CFA50
S1133C309007E8E002D0E638601860A200BDFDD726
S1133C40858CBD0AD8858DDAA68CA48D20FB3CFA20
S1133C509007E8E00DD0E638601860A200BD17D8E0
S1133C60858CBD26D8858DDAA68CA48D20FB3CFAE4
S1133C709007E8E00FD0E638601860A200BD35D8A0
S1133C80858CBD49D8858DDAA68CA48D20FB3CFAA1
S1133C909007E8E014D0E638601860A200BD5DD853
S1133CA0858CBD76D8858DDAA68CA48D20FB3CFA54
S1133CB09007E8E019D0E638601860A200BD8FD8FC
S1133CC0858CBD96D8858DDAA68CA48D20FB3CFA14
S1133CD09007E8E007D0E638601860A200BD9DD8E0
S1133CE0858CBDB9D8858DDAA68CA48D20FB3CFAD1
S1133CF09007E8E01CD0E6386018602078719013D3
S1133D00201475900EADCE97C902D00720285D907F
S1133D1002386018602078719010201475900B2080
S1133D20285DB006C909D00238601860A200BD83BE
S1133D30E9DD17E0F0034C843DE8E0FFD0F0A20099
S1133D40BD82EADD16E1F0034C843DE8E04CD0F09E
S1133D503860A58038EDA494858CA581EDA594C91F
S1133D6001D021A58CC94BD01BADA69438EDA494E9
S1133D70858CADA794EDA594C901D008A58CC94B39
S1133D80D0023860186018604C8B4920DE3D90F8F2
S1133D9020C03E90F3201F3F90EE20853F90E92005
S1133DA0C73F90E420834090DF20AC4090DA20337A
S1133DB04190D5205F4190D020D54190CB20DD4269
S1133DC090C6208B4390C120804590BC20EA479048
S1133DD0B7A901A200A070209A5690AC3860A9B18E
S1133DE08591A900AAA8209A56B0034CBE3EA9B258
S1133DF08591A2D5A0D820FB3CB0034CBE3EA9B30C
S1133E008591AD83E9C920F0034CBE3EAD84E9C978
S1133E10FFF0034CBE3EAD85E9C9FFF0034CBE3E46
S1133E20A9B48591AD9097C901F0034CBE3EADF69F
S1133E30B2C901F0034CBE3EAD76B3C904F0034CE5
S1133E40BE3EA9B58591200D49B0034CBE3EA9B62E
S1133E508591A28DA0DA200956B0034CBE3E20679E
S1133E608CB0034CBE3EA9B78591ADF6B2C902F041
S1133E70034CBE3EAD9197C901F0034CBE3EAD92DA
S1133E8097CD76B4F0034CBE3EAD9397CDF6B4F027
S1133E90034CBE3EA9B88591AD84E9C580F0034CBE
S1133EA0BE3EA9B98591AD85E9C581F0034CBE3EFE
S1133EB0A9BA8591201A57B0034CBE3E38601860E9
S1133EC0A900AAA8209A569050A2F5A0D820FB3C9D
S1133ED09047AD83E9C9D0D040AD84E9C9FFD0395A
S1133EE0AD9097C901D032AD76B3C907D02B200D60
S1133EF0499026202C499021A28DA0DA20095690C1
S1133F001820678C9013ADF6B2C902D00CAD84E9C9
S1133F10D007201A5790023860A9A285911860A989
S1133F2000AAA8209A569057A205A0D920FB3C903D
S1133F304EAD83E9C93FD047AD84E9C912D040AD45
S1133F4085E9C9FFD039AD9097C901D032AD76B3B8
S1133F50C910D02B204B499026206A499021A28D6C
S1133F60A0DA200956901820678C9013ADF6B2C9D8
S1133F7002D00CAD85E9D007201A5790023860A909
S1133F80A785911860A900AAA8209A569033A2F593
S1133F90A0D820FB3C902AADA4948580ADA59418AC
S1133FA069018581A28DA0DA200956901420678CBE
S1133FB0B00FC906D00BA900AAA8209A56900238BF
S1133FC060A9A38591186020D93F9007202E4090C6
S1133FD0023860A9A485911860A900AAA8209A565D
S1133FE09046A2F3A0D920FB3C903DAD83E9C9A93A
S1133FF0D036AD84E9C9FFD02FAD76B3C902D0283D
S1134000ADF6B3C901D021200D49901CA28DA0DAD0
S1134010200956901320678C900EAD84E9C580D09A
S113402007201A5790023860A9A585911860A90045
S1134030AAA8209A569046A205A0DA20FB3C903DFF
S1134040AD83E9C9A9D036AD84E9C9FFD02FAD76D7
S1134050B3C902D028ADF6B3C902D021200D4990CE
S11340601CA28DA0DA200956901320678C900EAD07
S113407084E9C581D007201A5790023860A9A68523
S1134080911860A20020605FA586858AA587858B2C
S1134090A20820605FA586C58AD00BA58B1869018C
S11340A0C587D0023860A9A885911860A900AAA87C
S11340B0209A569078A23BA0DA20DD57906FA24A4E
S11340C0A0DA20DD579066A25BA0DA20DD57905D70
S11340D0A265A0DA20DD579054A2F1A0CC20DD57D0
S11340E0904BAD83E9C980D044AD84E9C902D03D89
S11340F0AD85E9C9A9D036AD86E9C9EED02FAD8723
S1134100E9C9EAD028AD88E9C9EAD021A900AAA85A
S1134110209A569018A26EA0DA20DD57900FA2655F
S1134120A0DA20DD57B006C909D0023860A9A985F4
S1134130911860A900AAA8209A56901DA27DA0DA21
S113414020FB3C9014201A57B00FC909D00BA900CA
S1134150AAA8209A5690023860A9A785911860A948
S113416000AAA8209A569067A2C6A0DE20DD579028
S11341705EA2E5A0D820FB3C9055AD83E9C920D0D0
S11341804EAD84E9C9FFD047AD85E9C9FFD040AD44
S11341909097C901D039ADF6B32940F032201A57AF
S11341A0902DADF6B2C904D026ADB394C901D01F89
S11341B0ADB494C904D018ADF494C901D011AD3490
S11341C095D00CAD7495D007ADB495D0023860A9E4
S11341D0AC85911860A900AAA8209A56B0034CD7C0
S11341E042A2C6A0DE20DD57B0034CD742A217A0DE
S11341F0DA20FB3CB0034CD742A229A0DA20FB3CD6
S1134200B0034CD742AD83E9C9A9F0034CD742AD02
S113421084E9C9FFF0034CD742AD85E9C9A2F00394
S11342204CD742AD86E9C9FFF0034CD742AD909715
S1134230C902F0034CD742ADF6B32940D0034CD7A2
S113424042ADF6B32903C901F0034CD742ADF7B32D
S11342502940D0034CD742ADF7B32903C902F00378
S11342604CD742201A57B0034CD742ADF6B2C9041A
S1134270F0034CD742ADF7B2C904F0034CD742ADBA
S1134280B394C902F0034CD742ADB494C905F0030A
S11342904CD742ADB594C906F0034CD742ADF49463
S11342A0C901F0034CD742AD3495F0034CD742AD6D
S11342B0F594C903F0034CD742AD3595F0034CD7C0
S11342C042AD7495D011ADB495D00CAD7595D007B1
S11342D0ADB595D0023860A9AC85911860A900AA43
S11342E0A8209A56B0034C8543A2C6A0DE20DD5711
S11342F0B0034C8543A201A0DF20DD57B0034C85F9
S113430043A21AA0DF20DD57B0034C8543A200BDB1
S113431083E9DDB6E1F0034C8543E8E006D0F0AD77
S11343209097C904F0034C8543A200BDF6B3DDBCED
S1134330E1F0034C8543E8E004D0F0201A57B003C1
S11343404C8543ADB394C904F0034C8543A200BD2E
S1134350F6B2C904F0034C8543BDB494DDC0E1F06A
S1134360034C8543BDF494DDC4E1F0034C8543BDA7
S11343703495D011BD7495D00CBDB495D007E8E048
S113438004D0CC3860A9AD85911860A900AAA820F2
S11343909A56B0034C7A45A271A0DF20FB3CB003CF
S11343A04C7A45AD83E9C920F0034C7A45AD90972A
S11343B0F0034C7A45201A57B0034C7A45ADB394B8
S11343C0F0034C7A45A900AAA8209A56B0034C7A67
S11343D045A250A0DF20DD57B0034C7A45AD959738
S11343E0C901F0034C7A45A271A0DF20FB3CB00365
S11343F04C7A45A28FA0DF20FB3CB0034C7A45A247
S1134400AFA0DF20FB3CB0034C7A45AD83E9C92063
S1134410F0034C7A45AD84E9C9FFF0034C7A45AD0D
S113442085E9C9FFF0034C7A45AD86E9C9A9F003D3
S11344304C7A45AD87E9C9FFF0034C7A45AD88E96C
S1134440C9A2F0034C7A45AD89E9C9FFF0034C7A5F
S113445045AD9097C903F0034C7A45ADF6B32940B6
S1134460D0034C7A45ADF6B32903C900F0034C7A66
S113447045ADF7B32940D0034C7A45ADF7B32903D2
S1134480C901F0034C7A45ADF8B32940D0034C7A06
S113449045ADF8B32903C902F0034C7A45201A57F5
S11344A0B0034C7A45ADF6B2C904F0034C7A45AD7D
S11344B0F7B2C904F0034C7A45ADF8B2C904F0036D
S11344C04C7A45ADB394C903F0034C7A45ADB4942A
S11344D0C904F0034C7A45ADB594C905F0034C7A90
S11344E045ADB694C906F0034C7A45ADF494C901C0
S11344F0F0034C7A45AD3495F0034C7A45ADF59410
S1134500C904F0034C7A45AD3595F0034C7A45ADBA
S1134510F694C906F0034C7A45AD3695F0034C7A0F
S113452045AD7495D054ADB495D04FAD7595D04A82
S1134530ADB595D045AD7695D040ADB695D03B2080
S1134540306FB0034C7A45AD9697C903F0034C7AAB
S113455045AD84E9CD87E9F0034C7A45AD85E9CDD5
S113456089E9F0034C7A45AD84E9C9FFD00AAD85E9
S1134570E9C9FFD0034C7A453860A9AC859118602D
S1134580A9BB8591A900AAA8209A56B0034CE84774
S1134590A2CFA0DF20FB3CB0034CE847A2E2A0DF9F
S11345A020FB3CB0034CE847A2F7A0DF20FB3CB063
S11345B0034CE847A20CA0E020FB3CB0034CE847C6
S11345C0201A57B0034CE847ADB394C903F0034C29
S11345D0E847ADB494C901F0034CE847ADB594C9BC
S11345E002F0034CE847ADB694C903F0034CE84726
S11345F0ADAB94186910AAADAC946900A8200F6201
S1134600B0034CE847AD9997C903F0034CE847ADB4
S11346109797186907858CAD98976900858DAD9734
S11346209785A8AD989785A9A000B1A8C920F003E3
S11346304CE847C8B1A8C58CF0034CE847C8B1A8FA
S1134640C58DF0034CE847C8B1A8C9A9F0034CE8EC
S113465047C8B1A8C58CF0034CE847C8B1A8C9A2A3
S1134660F0034CE847C8B1A8C58DF0034CE847C82F
S1134670B1A8C960F0034CE847AD9797186920AA20
S1134680AD98976900A8204B63B0034CE847AD9CF4
S113469097C937F0034CE847AD9D97F0034CE847C2
S11346A0AD9A9785A8AD9B9785A9A000B1A8C941EB
S11346B0F0034CE847A001B1A8C950F0034CE84707
S11346C0A002B1A8C902F0034CE847A003B1A8C9ED
S11346D037F0034CE847A005B1A8C953F0034CE8F0
S11346E047A013B1A8C952F0034CE847A014B1A8DD
S11346F0C910F0034CE847A016B1A8C903F0034C55
S1134700E847C8B1A8C901F0034CE847C8B1A8C933
S113471002F0034CE847C8B1A8C903F0034CE847CA
S1134720A01AB1A8C901F0034CE847C8B1A8C9044C
S1134730F0034CE847C8B1A8C906F0034CE847ADFC
S1134740A994186907858CADAA946900858DA03158
S1134750B1A8C920F0034CE847C8B1A8C58CF00340
S11347604CE847C8B1A8C58DF0034CE847206A65FA
S1134770B0034CE847AD9A9785A8AD9B9785A9A04F
S113478031A92191A8206A6590034CE847C907F034
S1134790034CE847AD9A9785A8AD9B9785A9A031AE
S11347A0A92091A8AE9A97AC9B9720D46CB0034CE7
S11347B0E847AD9C97C937F0034CE8479C9C97A900
S11347C0108D9D97203664B0034CE847EE9C9720EB
S11347D0366490034CE847C906F0034CE847A93710
S11347E08D9C979C9D9738601860A901A200A070C9
S11347F0209A56B0034C3648A90048A2DEA0DA201D
S1134800DD57B004684C3648681AC940D0ECA2EDB4
S1134810A0DA20DD57901F201A57901A20384890AC
S113482015A200A072200F62900C207748900720F8
S1134830A548900238601860AD9097C940D036AD55
S1134840B394C940D02FADAD94C981D028ADAE94F6
S1134850D023A23FBDB494C901D01ABDF494C97E3B
S1134860D013BD3495D00EBD7495C980D007BDB4A6
S113487095D00238601860AD9997C940D025AD0035
S113488072C980D01EAD0172C972D017AD7E72C9D3
S113489080D010AD7F72C972D009AD8072C960D06A
S11348A00238601860A9408DB394A200A074204B14
S11348B0639053AD9E97C941D04CAD9F97C901D029
S11348C045AD1374C952D03EAD1474C941D037AD4F
S11348D01574C901D030AD1674C940D029A200A006
S11348E07420D46C9020ADB394C940D019A9418DE3
S11348F0B394A200A074204B63B00BC909D007A9DC
S1134900408DB3943860A9408DB3941860ADA494DD
S1134910186901858CADA5946900858DA58CCD762B
S1134920B4D066A58DCDF6B4D05F3860ADA494182C
S11349306902858CADA5946900858DA58CCD76B56D
S1134940D047A58DCDF6B5D0403860ADA494186994
S113495002858CADA5946900858DA58CCD76B4D0E7
S113496028A58DCDF6B4D0213860ADA49418690380
S1134970858CADA5946900858DA58CCD76B5D009BF
S1134980A58DCDF6B5D002386018601860A9D4851D
S113499091A901A200A07D209A5690034C864FC98C
S11349A006F0034C864FA9C18591A900AAA8209AB4
S11349B056B0034C864FA9C28591A291A0DA20DD9E
S11349C057B0034C864FA9C38591A2A0A0DA20DD7D
S11349D057B0034C864FA9C48591A200BD83E9DD7D
S11349E089E1F0034C864FE8E007D0F0A9C5859132
S11349F0A58038EDA494858CA581EDA594F0034C95
S1134A00864FA58CC907F0034C864FADA69438EDAC
S1134A10A494858CADA794EDA594F0034C864FA582
S1134A208CC907F0034C864FA9D68591A900AAA882
S1134A30209A56B0034C864FA2F5A0DA20DD57B079
S1134A40034C864FA9D78591A200BD83E9DD90E18F
S1134A50F0034C864FE8E008D0F0A9D88591A580F2
S1134A6038EDA494858CA581EDA594F0034C864F74
S1134A70A58CC908F0034C864FADA69438EDA494D8
S1134A80858CADA794EDA594F0034C864FA58CC9F5
S1134A9008F0034C864FA9DD8591A900AAA8209AA5
S1134AA056B0034C864FA210A0DB20DD57B0034C58
S1134AB0864FA21FA0DB20DD57B0034C864FA230E7
S1134AC0A0DB20DD57B0034C864FA200BD83E9DD97
S1134AD09FE1F0034C864FE8E008D0F0A58038ED64
S1134AE0A494C908F0034C864FA9A08591A900AAF3
S1134AF0A8209A56B0034C864FA23FA0DB20DD5776
S1134B00B0034C864FA258A0DB20DD57B0034C867F
S1134B104FA264A0DB20DD57B0034C864FA270A0E7
S1134B20DB20DD57B0034C864FA27CA0DB20DD5791
S1134B30B0034C864FA285A0DB20DD57B0034C8622
S1134B404FA28FA0DB20DD57B0034C864FA299A063
S1134B50DB20DD57B0034C864FA2A3A0DB20DD573A
S1134B60B0034C864FA200BD83E9DDA7E1F0034CFE
S1134B70864FE8E00FD0F0A58038EDA494C90FD09B
S1134B801AA581EDA594D013ADA69438EDA494C9CB
S1134B900FD008ADA794EDA594F0034C864FA9A1BE
S1134BA08591A900AAA8209A56B0034C864FA2B4B6
S1134BB0A0DB20DD57B0034C864FA580C9FFD01E73
S1134BC0A581D01AADA694C9FFD013ADA794D00E79
S1134BD0AD83E9C941D007AD81EAC941F0034C86F0
S1134BE04FA9A28591A900AAA8209A56B0034C8681
S1134BF04FA906A2C1A0DC204454902DA903A2CF42
S1134C00A0DD2044549022A903A2DEA0DD20445458
S1134C109017A903A2F1A0DD204454900CA58005AF
S1134C20810DA6940DA794F0034C864FA9DE8591BF
S1134C30A900AAA8209A56B0034C864FA903A20241
S1134C40A0DE204454B0034C864FA9D98591A90015
S1134C50AAA8209A56B0034C864FA903A290A0CBD1
S1134C60204454B0034C864FA9C68591A900AAA834
S1134C70209A56B0034C864FA903A288A0CB2044A7
S1134C8054B0034C864FA9C78591A901A200A07016
S1134C90209A56B0034C864FA2C5A0DA20DD57B047
S1134CA0034C864FA2DEA0DA20DD57B0034C864FBA
S1134CB0A2EDA0DA20DD57B0034C864FA200BD0060
S1134CC070DD98E1F0034C864FE8E007D0F0AD903A
S1134CD097C904F0034C864FADB394C904F0034C58
S1134CE0864FA9C88591A901A200A070209A56B048
S1134CF0034C864FA214A0DE20DD57B0034C864F30
S1134D00A580D012A581C970D00CADA694D007ADF2
S1134D10A794C970F0034C864FA9C98591A222A01B
S1134D20DE20DD57B0034C864FA580C910D014A5F2
S1134D3081C970D00EADA694C910D007ADA794C98F
S1134D4070F0034C864FA9CA8591A906A234A0DE4F
S1134D50204454B0034C864FA9D58591A906A24698
S1134D60A0DE204454B0034C864FA9CB8591A90002
S1134D70AAA8209A56B0034C864FA258A0DE20DD84
S1134D8057B0034C864FA265A0DE20DD57B0034C1C
S1134D90864FA9CC8591A200BD83E9DDC8E1F0036B
S1134DA04C864FE8E005D0F0A9CD8591A58038ED7B
S1134DB0A494858CA581EDA594F0034C864FA58C15
S1134DC0C905F0034C864FADA69438EDA494858CA8
S1134DD0ADA794EDA594F0034C864FA58CC905F0BE
S1134DE0034C864FA9CE8591A900AAA8209A56B053
S1134DF0034C864FA903A278A0DE204454B0034C90
S1134E00864FA9CF8591A900AAA8209A56B0034C31
S1134E10864FA906A27FA0DE204454B0034C864FDF
S1134E20A9D08591A900AAA8209A56B0034C864F10
S1134E30A290A0DE20DD57B0034C864FA2A9A0DECD
S1134E4020DD57B0034C864FA9D18591A200BD83C4
S1134E50E9DDCDE1F0034C864FE8E009D0F0A9D2BA
S1134E608591A58038EDA494858CA581EDA594F059
S1134E70034C864FA58CC909F0034C864FADA6940C
S1134E8038EDA494858CADA794EDA594F0034C86DD
S1134E904FA58CC909F0034C864FA9D38591ADB2B7
S1134EA0972902D0034C864F0DDF978DDF97A9DA3F
S1134EB08591A900AAA8209A56B0034C864FA2C691
S1134EC0A0DE20DD57B0034C864FAD9597C901F0A5
S1134ED0034C864FAD9097F0034C864FA580CDA42C
S1134EE094D007A581CDA594F0034C864FA908A2C0
S1134EF0D9A0DE204454B0034C864FA903A2ECA0F1
S1134F00DE204454B0034C864FA908A2C6A0DE207C
S1134F104454B0034C864FA9DB8591A900AAA8206C
S1134F209A56B0034C864FA229A0DF20DD57B00368
S1134F304C864FA232A0DF20DD57B0034C864FAD24
S1134F409497C901F0034C864FA245A0DF208463E7
S1134F50B0034C864FA24AA0DF20846390034C86A2
S1134F604FC908F0034C864FA908A232A0DF2044A1
S1134F7054B0034C864FA901A200A070209A56B0E9
S1134F80034C864F38601860A9E18591A901A200FD
S1134F90A070209A56B0034C1F52A9E28591A21426
S1134FA0A0DE20DD57B0034C1F52A9E38591A291E6
S1134FB0A0DA20DD57B0034C1F52A9E48591A2A0CA
S1134FC0A0DA20DD57B0034C1F52A9E58591A25801
S1134FD0A0DE20DD57B0034C1F52A9E68591A265DF
S1134FE0A0DE20DD57B0034C1F52ADB29709048DEB
S1134FF0B297A9E78591A25DA0CB20DD57B0034C01
S11350001F52A9E88591AD9C94C902D012A592D0F3
S11350100EAD9D94D009ADB2972908F00280034CDF
S11350201F52A9E98591ADA494C900D052ADA594AD
S1135030C970D04BA580C90CD045A581C970D03F9B
S1135040ADA694C90CD038ADA794C970D031ADA821
S113505094C901D02AADA994C900D023ADAA94C99A
S113506070D01CADAB94C90CD015ADAC94C970D044
S11350700EADAD94C90CD007ADAE94D00280034CF4
S11350801F52A9EA8591ADA294C906D066ADA39436
S1135090D061AD8D97C903D05AAD9097D055ADB1BD
S11350A097C902D04EAD84A0C902D047AD04A1C9AE
S11350B003D040AD84A1D03BAD84982901F034AD38
S11350C0849FC902D02DAD04A0D028AD859FC9030B
S11350D0D021AD05A0D01CAD85982901D015AD8691
S11350E09FC904D00EAD06A0D009AD86982901D081
S11350F00280034C1F52A9EB8591ADB2972901F0B0
S113510017ADB2972902D010ADB2972904F009ADBA
S1135110B2972908F00280034C1F52A9EC85912014
S11351201A57B0034C1F52ADB2972908D0034C1F35
S113513052A9ED8591A901A200A070209A56B0034E
S11351404C1F52ADB29709108DB297A9EE8591A26A
S11351507BA0CB20DD5790034C1F52C903F0034CB6
S11351601F52A9EF8591AD9C94C903F0034C1F52C3
S1135170ADB2972910D0034C1F52ADB2972908D075
S1135180034C1F52ADA294C901F0034C1F52ADA3AE
S113519094F0034C1F52AD8D97F0034C1F52A58021
S11351A0C900F0034C1F52A581C970F0034C1F5273
S11351B0A9F08591201A5790034C1F52C903F0039C
S11351C04C1F52ADB2972908D0034C1F52A9F18548
S11351D091A9C0858C20B257B0034C1F52C68CD005
S11351E0F4A9F2859120B25790034C1F52C909F0DB
S11351F0034C1F52ADB197C9C0F0034C1F5220217C
S113520052ADB2972920D0034C1F52A9F38591A91E
S113521001A200A070209A56B0034C1F52386018A7
S113522060A20DA0E7209B23204F52206E522095B0
S11352305220AB5220BF5220D55220F652200C539C
S1135240202453203C532054532069534CD953A257
S113525017A0E7209827A592F00DA924207C27A564
S11352609220B2274CDA27A21EA0E74C9B23A2204F
S1135270A0E7209827A592F00FADA39420B227AD04
S1135280A29420B2274CDA27A90020B227A9002033
S1135290B2274CDA27A229A0E7209827ADA59420AD
S11352A0B227ADA49420B2274CDA27A230A0E7207D
S11352B09827A58120B227A58020B2274CDA27A2FF
S11352C034A0E7209827ADA79420B227ADA6942058
S11352D0B2274CDA27A23AA0E7209827ADA6943843
S11352E0EDA494858CADA794EDA59420B227A58C4C
S11352F020B2274CDA27A241A0E7209827ADA39437
S113530020B227ADA29420B2274CDA27A248A0E706
S1135310209827AD8D9720B227203A54A98020B237
S1135320274CDA27A24EA0E7209827AD909720B209
S113533027203A54A98020B2274CDA27A256A0E7A6
S1135340209827ADB19720B227203A54A9C020B2A3
S1135350274CDA27ADB2972920F007A25CA0E74CCE
S11353609B23A265A0E74C9B23208C53901DA26D28
S1135370A0E7209B23A200EC8D97F00FBD84982911
S113538001F00520A153A691E880EC60A200EC8D09
S113539097F00ABD84982901D005E880F118603897
S11353A0608691206B8FA684A485208227202354B5
S11353B0A27DA0E7209827A691BD84A020B227A2B1
S11353C084A0E7209827A691BD84A120B227A691A6
S11353D0BD04A120B2274CDA2720FC53901DA271F2
S11353E0A0E7209B23A200EC8D97F00FBD849829A1
S11353F001D005201154A691E880EC60A200EC8D48
S113540097F00ABD84982901F005E880F118603806
S1135410608691206B8FA684A48520822720235444
S11354204CDA27A277A0E7209827A691BD04A020F4
S1135430B227A691BD849F4CB227A92F207C27A90F
S1135440244C7C278DDE9720DD57B007CDDE97D026
S11354500238601860A901A283A0E9209A56902618
S1135460A2BDA0CB20DD57901DA2CFA0CB20DD573D
S11354709014A2DDA0CB20DD57900BA2FDA0CC2080
S1135480DD579002386018608DDD9720BE5490413E
S1135490AEDA97ACDB9720DA849036A595CDDD970C
S11354A0D02F38608DDE9720BE549025AEDA97ACAD
S11354B0DB9720DA84B01ACDDE97D01538602078D7
S11354C071900E2014759009ADCE97C902D00238A0
S11354D060186018604C07569C8D979C8E979C8F23
S11354E097A23BA0E320095690EB201E5620678C20
S11354F090E3E001D0DFAD8D97C902D0D820088EAB
S1135500A90120508B90CEE001D0CAA595C901D045
S1135510C4A594C904D0BEA59AC580D0B8A59BC51E
S113552081D0B220678CB0ADC908D0A9A241A0E354
S113553020095690A0A9018595A9038594A91285EF
S11355409A649BA9FF8598859920698D9087BD846D
S113555099C903F0034C0756A24DA0E3200956B0A5
S1135560034C0756A9018595A9048594A912859A27
S1135570649BA9FF8598859920698DB0034C0756D3
S1135580BD8499C904F0034C0756A25CA0E320092A
S1135590569074A9008595A9008594A90A859A64F2
S11355A09BA9FF8598859920698D905BBD0499C955
S11355B000D054A269A0E3200956904BA902859516
S11355C0A9058594A901859A649BA9018598649984
S11355D020698D9032BD0499C902D02BBD049BC9AA
S11355E001D024A27BA0E3200956901B20088EA999
S11355F00120508BB011E0FFD00DC000D009A906E6
S1135600CD8D97D00238601860207871900E2014E8
S1135610759009ADCF972901F00238601860A9018F
S11356208D0498A9128D8498A9008D0499A9008DE0
S113563084999C049A9C849A9C049B9C849BADD3DF
S1135640978D049CADD4978D849CADD5978D049D86
S1135650ADD6978D849DA9058D049E9C849E9C0443
S11356609F9C849F9C04A09C84A09C04A19C84A1D6
S1135670A94C8D04A2A9418D05A2A9428D06A2A917
S1135680458D07A2A9588D08A29C09A2A9018D8D58
S113569097A9058D8E979C8F97608593868C848DB2
S11356A0209826B009A90B85928D9D94186020142A
S11356B094A5932901F039A58DC97D900DA906857E
S11356C0928D9D94A68CA48D1860A58CA68D200720
S11356D05EB00DA90685928D9D94A68CA48D18604C
S11356E0A58C85808DA494A58D85818DA594800E2F
S11356F0A98385808DA494A9E985818DA594A5802D
S11357008DA694A5818DA794A9018D9C94A9008D43
S11357109D948592A680A4813860AD9C94C903F0C1
S113572034207A5F901520F993A9038D9C94A909DC
S11357308D9D948592A680A4811860A9028D9C9465
S1135740A9008D9D948592203E92206057A900A6C1
S113575080A4813860AD9D948592A680A481186050
S1135760ADB2972904F021ADB2972908D01AA95EE9
S11357708D9E94209826A95E8D9E94900B20215294
S1135780ADB29709088DB29760ADB2972910F02198
S1135790ADB2972908D01AA95E8D9E94209826A9A7
S11357A05E8D9E94900B202152ADB29709088DB264
S11357B09760ADB197C9C0901BADB29709208DB267
S11357C097A9038D9C94A90985928D9D9420F993A2
S11357D0A5921860EEB197A90085923860209C5973
S11357E0AD9C94C901F009C903F032A9034C435894
S11357F0205B582078719034201475902F20867681
S1135800902AADCE97C903D00AADD997C91FD0034A
S11358104C1A57A9008592A680A4813860AD9D9446
S1135820D002A9038592A680A481186085928D9DDB
S113583094AD9C94C903F01520FB58A592A680A4AE
S113584081186085928D9D94A9038D9C9420F99371
S1135850208957A592A680A4811860A5808DFA9509
S1135860A5818DFB95ADA6948DFC95ADA7948DFD7A
S113587095AD8D978DFE95AD8E978DFF95AD8F97D8
S11358808D0096AD90978D0196AD84B18D0296AD45
S113589085B18D0396ADB1978D0496AD91978D0525
S11358A096AD92978D0696AD93978D0796ADB29768
S11358B08D0896ADA8948D0996ADB3948D0A96ADD6
S11358C094978D0B96AD95978D0C96DA5A20D358F4
S11358D07AFA60A200EC9097B020BDF6B29D0D96C6
S11358E0BD76B48586BDF6B48587A000B1869D8D4E
S11358F096C8B1869D0D97E880DB60207459ADFA97
S1135900958580ADFB958581ADFC958DA694ADFD07
S1135910958DA794ADFE958D8D97ADFF958D8E9742
S1135920AD00968D8F97AD01968D9097AD02968DB3
S113593084B1AD03968D85B1AD04968DB197AD0557
S1135940968D9197AD06968D9297AD07968D939708
S1135950AD08968DB297AD09968DA894AD0A968D33
S1135960B394AD0B968D9497AD0C968D9597A90134
S11359708D9C9460A200EC0196B020BD0D969DF61E
S1135980B2BD76B48586BDF6B48587A000BD8D967C
S11359909186C8BD0D979186E880DB60EEA294D015
S11359A003EEA39460858CAD9C94C901F005A90312
S11359B04C245AA90120CB5DB0034C245AA5808500
S11359C0A6A58185A7A000A58C91A620005A200732
S11359D05AA9008592A680A4813860858C868DADF5
S11359E09C94C901F004A903803AA90220CB5DB0BC
S11359F0028031A58C20A559B00160A58D4CA55914
S1135A00E680D002E68160A581CDA7949015D009E7
S1135A10A580CDA694900CF00AA5808DA694A581AE
S1135A208DA7946085928D9D94A592A680A48118DB
S1135A306020BB5A900160C901F0034C1A5D202715
S1135A405B900160C901F0034C1A5D203F5C90013A
S1135A5060C901F0034C1A5DADD997C904D0034C59
S1135A60DD5CC905D0034CE95CC90BD0034CBD5CBB
S1135A70C906D0034CAD5CC907D0034CB15CC9085E
S1135A80D0034CB55CC90AD0034CB95CC90CD00333
S1135A904CC15CC90DD0034CC55CC90FD0034CC9C3
S1135AA05CC910D0034CCD5CC938D0034CF55CC93B
S1135AB041D0034C015DA9044C1A5DA200BDE95A12
S1135AC0C9FFF021CDD997F004E8E880F0A595C985
S1135AD000F004A9041860E8BDE95A858CA9008582
S1135AE092A58C3860A901186025E83C6011181251
S1135AF0D8135814B83E383FF840782DEA1BCA1C16
S1135B008826C848AA49A84CBA4D8A4E9A4F98305C
S1135B1048310832DA335A3468352836FA377A3B52
S1135B204050CB44DBFF00648DA200BD5B5BC9FF2A
S1135B30F01DCDD997D00BA901858DBD5C5BC595B2
S1135B40F0078A186903AA80E2BD5D5B4C1E5DA55F
S1135B508DF004A9041860A90118602A02A22A037E
S1135B60A62A04AE2A08B62A09BE2B02A02B03A437
S1135B702B04AC2B05B42B06BC1602E01603E4166A
S1135B8004EC1702C01703C41704CC24011A24031D
S1135B90E62404EE2405F62406FE1A013A1A03C686
S1135BA01A04CE1A05D61A06DE47036447049C4736
S1135BB0057447069E45038645048E4508964603AC
S1135BC08446048C46059409028909032409042C9B
S1135BD009053409063C4A03144A041C4B03044BCC
S1135BE0040C28042003000A03010A030306030427
S1135BF00E03051603061E2C004A2C014A2C0346EC
S1135C002C044E2C05562C065E39002A39012A39FB
S1135C10032639042E39053639063E3A006A3A011C
S1135C206A3A03663A046E3A05763A067E27044CCD
S1135C30270D6C270E7C0E02000E0300FF0000A24D
S1135C4000BD875CC9FFF03BCDD997F004E8E8803C
S1135C50F0E8BD875C858CADD997C942D006A5957F
S1135C60C902F01BA200BD995CC9FFF012C595F0F2
S1135C7004E8E880F1E8BD995C18658C4C1E5DA9C8
S1135C80041860A901186001693DE902292E09215F
S1135C904915C929A94289FF0002000BF803FC0435
S1135CA0040A09050C0C0809100614FF00A99080C9
S1135CB01EA9B0801AA9F08016A9308012A9D0803C
S1135CC00EA910800AA9808006A9508002A97085B7
S1135CD08CA595C907F002803FA58C8041A595C984
S1135CE010F0028033A90F8022A595C910F002801C
S1135CF027A98F8016A595C90FF002801BA90780DC
S1135D000AA595C90FF002800FA987858CA58A0A78
S1135D100A0A0A18658C8006A90485921860858C85
S1135D20A9008592A58C3860ADCE97C902F005A96B
S1135D30034CC65EAEDA97ACDB9720DA84B0034C32
S1135D40C65E20315AB0034CC65E858C20B85DB067
S1135D50034CC65EA58C20A559B00160A59329010A
S1135D60F0034C785EA595C910F021C907F0152001
S1135D702D5EB0034CC65EF0354820E86068C9016A
S1135D80F01A8020203C5EB0134CC65EA59820A576
S1135D9059B00160203C5EB0034CC65EA59A20A5B4
S1135DA059B00B60A59AA69B20DB59B00160A900ED
S1135DB08592A680A4813860A595C910F00B202D8A
S1135DC05EB001601869018002A9038DE297F03387
S1135DD0A581C97DB029A580A68120075E9020AD4C
S1135DE0E29738E901186580858AA5816900858B69
S1135DF0C97DB00BA58AA68B20075E90028004A9FA
S1135E00061860A9003860E0209010D004C9009002
S1135E100AE0EB9008D004C983900238601860C986
S1135E2020B006A58BC920B00238601860A695E0A2
S1135E30119004A9041860BDF6C83860A5801869DB
S1135E4001858CA5816900858DA59A38E58C858CA2
S1135E50A59BE58D858DF008C9FFF00EA906186095
S1135E60A58C300A859A649B3860A58C3004A906F9
S1135E701860859A649B3860A595C910F00720D3F3
S1135E805EB01B8041A59820A559B0016020D35E67
S1135E90B0028032A9FF20A559901E4CAE5D202D82
S1135EA05EB0028021F00EC902F00FA9FF20A559AF
S1135EB090074CAE5DA904800D60A9FFA2FF20DB12
S1135EC05990F64CAE5D85928D9D94A592A680A4C2
S1135ED0811860AE9097E0809004A909186020ECC6
S1135EE089A5B09D76B6A5B19DF6B6A5B29D76B747
S1135EF0A5B39DF6B7A5909D76B8A5959D76B3AD4F
S1135F0000989DF6B3A5809D76B49D76B5A5819D38
S1135F10F6B49DF6B520295FA9019DF6B220425F33
S1135F20EE9097A90085923860DABD76B3AABDF6E3
S1135F30C8FA187D76B59D76B5BDF6B569009DF6AF
S1135F40B56020605FA000C490F010C01FB00CB119
S1135F50A4297F204E909186C880ECA90091866088
S1135F60DA8A4A4A4A858D8A0A0A0A0A0A1869F6A6
S1135F708586A9B8658D8587FA60A200EC9097B0F4
S1135F8016BDF6B2C901D00A2044619008A9049D47
S1135F90F6B2E880E738601860A200EC9097B0137E
S1135FA0BDF6B2C901D007BDF6B32980D003E8809D
S1135FB0EA386018609C9197A200EC9097B02FBDCE
S1135FC0F6B2C901D02520F45F9020203C60B004D3
S1135FD085921860EE9197BD76B48D9297BDF6B414
S1135FE08D9397201D61A9029DF6B2E880CCA9008B
S1135FF085923860A5B0DD76B6D020A5B1DDF6B6C1
S1136000D019A5B2DD76B7D012A5B3DDF6B7D00BA3
S1136010A590DD76B8D004201D6060186020605F14
S1136020A000C490F012B1A4297F204E90858CB1B9
S113603086C58CD005C880EA38601860BD76B48502
S113604086BDF6B48587BD76B3C907F06EC910F076
S11360506AC902F034C903F030C905F02CC908F04C
S113606028C90AF024C90BF020C90CF01CC90FF090
S113607018C904F039C906F035C909F031C90DF061
S11360802DC90EF029A9041860BDF6B32903C9016E
S1136090F00CC902F010A59BF004A9061860A0003A
S11360A0A59A91863860A000A59B91863860A000CF
S11360B0A59A9186C8A59B91863860A59A38FD76E5
S11360C0B5858CA59BFDF6B5858DF008C9FFF00A52
S11360D0A9061860A58C30068008A58C3004A90692
S11360E01860A00091863860A5932902F02D20EA5B
S11360F070902848A580858CA581858DAD00982950
S113610003F00CAD0198858AAD0298858B8008A5B3
S11361109A858AA59B858B68202F713860DAAD0338
S1136120982902F01C20FA70901748BD76B4858C2B
S1136130BDF6B4858DA59A858AA59B858B68202F8D
S113614071FA3860BDF6B32940F04DBDF6B32903AA
S1136150F00AC901F01AC902F02A803CBD76B3A83E
S1136160C011B034B9F6C8C902D02DA9044C9A6143
S1136170BD76B3A8C011B020B9F6C8C901D019A919
S1136180054C9A61BD76B3A8C011B00CB9F6C8C964
S113619001D005A9064C9A6118604820AB619008AB
S11361A068858A20CA613860681860DA20605FA553
S11361B08685A4A58785A5BD76B8859020FF7990AE
S11361C0068EE597FA3860FA1860DABD76B4858CE5
S11361D0BDF6B4858DAEB394E0409006208492FA67
S11361E03860A58C38EDA4949DF494A58DEDA59408
S11361F0B006208D92FA38609D3495ADE5979D7474
S1136200959EB495A58A9DB494EEB394FA38608EA5
S113621097978C98979C9997209692B00160205AF2
S113622062B0016020B162A200ECB394B012869116
S1136230BDB494204A62900320F662A691E880E9F6
S1136240A900AE9797AC98973860C901F00AC902C3
S1136250F006C903F00218603860ADAD940DAE9439
S1136260D0023860AD9897C97DB042AD9797AE988B
S11362709720075E9037ADAD9438E901858CADAEBB
S113628094E900858DAD979718658C858AAD9897AC
S1136290658DB019858BC97DB013A58AA68B20079F
S11362A05E900AAD9897201F5E90023860A9061888
S11362B060ADA99485A8ADAA9485A9AD979785A644
S11362C0AD989785A7ADAD94859AADAE94859B05A1
S11362D09AF022A000B1A891A6E6A8D002E6A9E609
S11362E0A6D002E6A7C69AA59AC9FFD002C69BA566
S11362F09A059BD0DE60AD9797187DF49485A6AD82
S113630098977D349585A7AD9797187D7495859A50
S1136310AD98977DB495859BBDB494C901F009C926
S113632002F014C903F01A60A000A59A91A6C8A5AA
S11363309B91A6EE999760A000A59A91A6EE9997D5
S113634060A000A59B91A6EE9997608E9A978C9B6E
S11363509720E192B00160ADB394C9419004A909BA
S1136360186020C363203664B00160204864B00123
S11363706020C164206A65B00160A900AE9A97AC40
S11363809B97386086A484A5A000B1A4F007C8C078
S11363902090F7802A98F0278590A200EC9497B07B
S11363A01EBD44AA2980D003E880F1BD04AAAAA591
S11363B090DD049ED00920F18E9004A9003860A9D4
S11363C0081860ADB3948D9E979C9F97A204AD9ED0
S11363D097186DB3948D9E97AD9F9769008D9F9785
S11363E0CAD0EBEE9E97D003EE9F97A91F186D9E1F
S11363F0978D9C97A9006D9F978D9D97AD9C97183D
S11364006DF5958D9C97AD9D976DF6958D9D97AD8A
S11364109C97186DF8958D9C97AD9D976DF9958D0A
S11364209D97AD9C97186DAD948D9C97AD9D976D80
S1136430AE948D9D9760AD9D97C9109009D07EADA7
S11364409C97C900D0773860AD9C970D9D97F06DEF
S1136450AD9B97C97DB066AD9A97AE9B9720075EBA
S1136460905BAD9A97186D9C97859AAD9B976D9D9F
S113647097B04A859BA59A38E901858AA59BE900CE
S1136480858BC97DB037A58AA68B20075E902EAD7B
S11364909B97201F5E9026AD9B97CDAC94900CD01B
S11364A01AAD9A97CDAB9490028010ADAA94C59B77
S11364B0900BD007ADA994C59A90023860A906182C
S11364C060AD9A9785A6AD9B9785A7A94120F366F1
S11364D0A95020F366A90220F366AD9C9720F366C9
S11364E0AD9D9720F366A95320F366A90B20F366AC
S11364F0A90020F366A9A885A8A99485A9A90B8554
S11365009A649B20CF66A95220F366AD9E9720F330
S113651066AD9F9720F366208E65A94520F366AD8E
S1136520F59520F366ADF69520F36620E565A94957
S113653020F366ADF89520F366ADF99520F3662057
S11365404D66A94220F366ADAD9420F366ADAE94DA
S113655020F366ADA99485A8ADAA9485A9ADAD94A0
S1136560859AADAE94859B4CCF66A5A638EDAD94C7
S113657085A8A5A7EDAE9485A920B092A203B5B0D5
S1136580DDAF94D005CA10F63860A9071860ADB322
S11365909420F366A200ECB394B009BDB49420F344
S11365A066E880F2A200ECB394B009BDF49420F341
S11365B066E880F2A200ECB394B009BD349520F3F0
S11365C066E880F2A200ECB394B009BD749520F3A0
S11365D066E880F2A200ECB394B009BDB49520F350
S11365E066E880F260AD949720F366A200EC94977D
S11365F0B05A8EE397BD44AA20F366AEE397BD0478
S1136600AAAA8691BD049A38EDA99420F366A691AE
S1136610BD849AEDAA9420F366A691BD049C20F350
S113662066A691BD849C20F366A691BD049D20F3CB
S113663066A691BD849D20F366A691BD049E20F3B9
S113664066A691200491AEE397E880A160AD95978A
S113665020F366A200EC9597B0748EE597BDC4AAAA
S113666020F366AEE597BD04AB20F366AEE597BDB7
S113667044AB20F366AEE597BD84AB20F366AEE58C
S113668097BDC4AB20F366AEE597BD84AA20F3663C
S1136690AEE59720807A9CE4979CE697AEE597ADAB
S11366A0E497DD84AAB021ACE697B18420F366EECA
S11366B0E697ACE697B18420F366EEE697ADE497EF
S11366C01869038DE49780D4AEE597E8808760A5C8
S11366D09A059BF01DA000B1A820F366E6A8D0029D
S11366E0E6A9C69AA59AC9FFD002C69BA59A059B9E
S11366F0D0E360A00091A6E6A6D002E6A7608E9A39
S1136700978C9B97208367B00160AD9697F0034CFC
S1136710C86C20E36BB00160AD9B97C950B015A560
S11367208BCD9B97900ED009A58ACD9A97B0028005
S1136730034CCC6C202B6C9C9997A200ECB394B0C6
S11367401C8691BDB494204A62B004A90918602043
S1136750B36AB0016020F662A691E880DFA900AEBA
S11367609797AC989738608E9A978C9B97208367FD
S1136770B00160204C6CB00160A900AEA497ACA538
S11367809738609CB3949CA0979CA1979CA2979CDB
S1136790A3979C9697A9058D9C979C9D9720766BB3
S11367A0B00160AD9A9785A8AD9B9785A9A000B16B
S11367B0A8C941F0034CD06CA001B1A8C950F003A2
S11367C04CD06CA002B1A8C902F0034CD06CA00359
S11367D0B1A88D9C97C8B1A88D9D970D9C97D003A7
S11367E04CD06C20766BB00160AD9A971869058522
S11367F0A8AD9B97690085A9AD9C9738E905859A52
S1136800AD9D97E900859BB0034CD06CA95320E85B
S11368106AB00160A58DF0034CD06CA58CC90BF057
S1136820034CD06CA58C20416BB00160A95220E8C8
S11368306AB00160A58C058DD0034CD06CA58C8DFD
S11368409E97A58D8D9F97202E6BB00160200D6AB9
S1136850B00160AD9E97858CAD9F97858D200C6BA4
S1136860B00160A94520E86AB00160A908A28320AC
S1136870F468B00160200C6BB00160A94920E86A9B
S1136880B00160A906A20320F468B00160A000B1C1
S1136890A88D9697200C6BB00160A90320656BB09E
S11368A00160A000B1A8C942F0034CD06CC8B1A8E3
S11368B08DA297C8B1A88DA397A90320416BB001FD
S11368C060A59ACDA297F0034CD06CA59BCDA3975D
S11368D0F0034CD06CADA2970DA397D0034CD06CB1
S11368E0A5A88DA097A5A98DA197A900AE9A97AC4C
S11368F09B9738608DAC978EAD97202E6BB001605E
S1136900A5A88DA697A5A98DA797A58C8DA897A5B1
S11369108D8DA997A000B1A6C94190034CD06C8D70
S1136920AA979CAB979CAE97A90120E469B001603B
S1136930ADAB97CDAA9790034CC169ADAC9720CF6E
S113694069B00160A000B1A685912DAD97C591F005
S1136950034CD06CA5912903C901F007C902F003C7
S11369604CD06CA5912980F018A5912903C901F098
S1136970034CD06CEEAE97ADAE97C90290034CD0E9
S11369806CACAC9788B1A6F042C920B03E8DB097EC
S1136990ADAC978DAF97ADB097F018ADAF971869C0
S11369A0028DAF97CEB097F00ACEB097F005CEB077
S11369B09780E3ADAF9720E4699013EEAB974C302A
S11369C069ADA8970DA997D00238604CD06C608D42
S11369D0AF97ADA997D008ADA897CDAF97900238DF
S11369E0604CD06C20CF69B00160ADA697186DAF34
S11369F0978DA6979003EEA797ADA89738EDAF971C
S1136A008DA897ADA997E9008DA9973860A000B12A
S1136A10A88591C94190034CD06C858A648BA204EB
S1136A20A58A186591858AA58B6900858BCAD0F0E3
S1136A30E68AD002E68BA58BCD9F97D007A58ACD99
S1136A409E97F0034CD06CA5918DB394A001A20045
S1136A50E491B009B1A89DB494C8E880F3A200E41D
S1136A6091B009B1A89DF494C8E880F3A200E49120
S1136A70B009B1A89D3495C8E880F3A200E491B0B0
S1136A8009B1A89D7495C8E880F3A200E491B00907
S1136A90B1A89DB495C8E880F3A200ECB394B00EFD
S1136AA0BDB494C9019009C907B005E880ED386008
S1136AB04CD06CBDB494C901F004A9008002A901B2
S1136AC0187DF494858CBD3495690090034CC86C92
S1136AD0858DCDA397900FF0034CC86CA58CCDA2E7
S1136AE09790034CC86C3860858AA90320656BB005
S1136AF00160A000B1A8C58AF0034CD06CC8B1A84D
S1136B00858CC8B1A8858DA9034C416B202E6BB030
S1136B100160A5A818658C85A8A5A9658D85A9A57A
S1136B209A38E58C859AA59BE58D859B3860A59B55
S1136B30C58D900AD006A59AC58C900238604CCCBD
S1136B406C858B20656BB00160A5A818658B85A842
S1136B50A5A9690085A9A59A38E58B859AA59BE91D
S1136B6000859B3860858BA59BD009A59AC58BB001
S1136B70034CCC6C3860AD9C970D9D97D0034CCCE6
S1136B806C20C56BB00160AD9C9738E901858CAD74
S1136B909D97E900858DAD9A9718658C858AAD9B84
S1136BA097658D90034CCC6C858BAD9B97C95090A9
S1136BB009A58BC9FF900C4CCC6CA58BC9509003D4
S1136BC04CCC6C3860AD9B97C920B0034CCC6CC9DD
S1136BD050900EC980B0034CCC6CC9FF90034CCCD0
S1136BE06C3860ADA2970DA397D0034CCC6CAD98D4
S1136BF097C920B0034CCC6CC95090034CCC6CADFD
S1136C00A29738E901858CADA397E900858DAD97EE
S1136C109718658C858AAD9897658D90034CCC6CDC
S1136C20858BC95090034CCC6C3860ADA09785A877
S1136C30ADA19785A9AD979785A6AD989785A7AD82
S1136C40A297859AADA397859B4CCF6664A8A9802B
S1136C5085A920726CB00FE6A8D002E6A9A5A9C93F
S1136C60FF90EF4CCC6CA5A88DA497A5A98DA597F2
S1136C703860AD9C9738E901858CAD9D97E9008516
S1136C808DA5A818658C858AA5A9658DB038C9FF1E
S1136C90B034A5A885A6A5A985A7AD9C97859AAD6E
S1136CA09D97859BA59A059BF01AA000B1A6C9FFE4
S1136CB0D014E6A6D002E6A7C69AA59AC9FFD0E4E6
S1136CC0C69B80E038601860A9091860A90618609E
S1136CD0A90718604CD76C8E9A978C9B9720836772
S1136CE0B00160AD9A9718690885A8AD9B976900B3
S1136CF085A9A000B1A8C901F0034C2C6FA005B16F
S1136D00A8CDA297F0034C2C6FC8B1A8CDA397F0DF
S1136D10034C2C6FA900AE9A97AC9B973860A905D9
S1136D208D9C979C9D9720DF6EB00160AD9A9785EE
S1136D30A8AD9B9785A9A000B1A8C941F0034C2C2C
S1136D406FA001B1A8C950F0034C2C6FA002B1A8E8
S1136D50C902F0034C2C6FA003B1A88D9C97C8B155
S1136D60A88D9D970D9C97D0034C2C6F20DF6EB09F
S1136D700160AD9A9718690585A8AD9B9769008550
S1136D80A9AD9C9738E905859AAD9D97E900859B47
S1136D90B0034C2C6FA95320896EB00160A58CC937
S1136DA00BF0034C2C6FA58C20CE6EB00160A000BC
S1136DB0B1A8C901F0034C2C6FA005B1A88598C8EF
S1136DC0B1A88599A58C20AA6EB00160A95220892A
S1136DD06EB00160A58CD0034C2C6FA58C20CE6EB8
S1136DE0B00160A000B1A88591C94190034C2C6FFB
S1136DF00A0A186591186901C58CF0034C2C6FA51B
S1136E008C20AA6EB00160A94520626EB00160A911
S1136E104920626EB00160A90320CE6EB00160A06B
S1136E2000B1A8C942F0034C2C6FC8B1A8C598F0B2
S1136E30034C2C6FC8B1A8C599F0034C2C6FA9035F
S1136E4020AA6EB00160A59AC598F0034C2C6FA5DA
S1136E509BC599F0034C2C6FA900AE9A97AC9B97F5
S1136E60386020896EB00160A58CC902B0034C2C37
S1136E706FA58C20CE6EB00160A001B1A8C58CF0C6
S1136E80034C2C6FA58C4CAA6E858AA90220CE6E69
S1136E90B00160A000B1A8C58AF0034C2C6FC8B142
S1136EA0A8858C648DA9024CAA6E858B20CE6EB009
S1136EB00160A5A818658B85A8A5A9690085A9A561
S1136EC09A38E58B859AA59BE900859B3860858B6C
S1136ED0A59BD009A59AC58BB0034C286F3860AD2B
S1136EE09C970D9D97F041AD9B97C97DB03AAD9AA3
S1136EF097AE9B9720075E902FAD9C9738E901854C
S1136F008CAD9D97E900858DAD9A9718658C858A1F
S1136F10AD9B97658DB011858BC97DB00BA58AA6F5
S1136F208B20075E90023860A9061860A9071860D4
S1136F30209692B001609C9697A200ECB394B01591
S1136F408691BDB49420786F900620886FB001605C
S1136F50A691E880E6A200ECB394B0188691BDB483
S1136F609420786F900920886FB0016020C36FA6C9
S1136F7091E880E3A9003860C904F00AC905F00665
S1136F80C906F00218603860BDB495F004A9081869
S1136F9060BD7495CD95979004A90818608DE59708
S1136FA0AA20A76FA69160200770B004A9081860F2
S1136FB0A2B0A000206827B004A90B1860869A84A8
S1136FC09B3860ADA994187DF49485A6ADAA947DF0
S1136FD0349585A7BDB494C904F009C905F014C952
S1136FE006F01A60A000A59A91A6C8A59B91A6EEEA
S1136FF0969760A000A59A91A6EE969760A000A52A
S11370009B91A6EE9697608EE59720807AAEE597E1
S1137010BD84AA859020A7909CE4979CE697ADE454
S113702097C590B036205F709033ADE89720B67066
S1137030902BEEE497ADE497C590B01FADE997208F
S1137040B6709019EEE497ADE497C590B00DADEA33
S11370509720B6709007EEE49780C338601860AC50
S1137060E697B184859AEEE697ACE697B184859B62
S1137070EEE6979CE897A59A38E940858CA59BE9AC
S113708006900B859BA58C859AEEE89780E89CE991
S113709097A59A38E928858CA59BE900900B859BD8
S11370A0A58C859AEEE99780E8A59AC928900218DC
S11370B0608DEA973860F021C91BB00518694080DB
S11370C024C925B00838E91B1869308018C925F08F
S11370D00AC926F00AC927F00A1860A95F8006A920
S11370E03F8002A92E20AA903860AD009829032081
S11370F00B71B005A5954C1D7160BDF6B329032035
S11371000B71B006BD76B34C1D7160C901F006C9A0
S113711002F0061860A9023860A9033860A8C011FB
S1137120B007B9F6C8C902F0021860A9013860486E
S1137130AEB394E0409006682084923860A58C3801
S1137140EDA4949DF494A58DEDA594B00668208DCE
S11371509238609D3495A58A38EDA4949D7495A5C4
S11371608BEDA594B00668208D9238609DB4956827
S11371709DB494EEB394386086AE84AF86AC84AD8F
S11371806490A000B1AEF06EC90DF06AC90AF06651
S1137190C93BF062C927F00CC922F034200D72906B
S11371A05FC880E0200D729057C8B1AEF048C90D99
S11371B0F044C90AF040200D729045C8B1AEF036D3
S11371C0C90DF032C90AF02E200D729033C880B474
S11371D0200D72902BC8B1AEF01CC90DF018C90A6D
S11371E0F014C922F008200D729015C880E8200D13
S11371F072900DC8808EA9008592A6ACA4AD3860AB
S1137200A90785928D9D94A6ACA4AD1860E690A5BF
S113721090C940900218603860207B8F20A38FA50E
S1137220AC85AAA5AD85ABA000B1AC858FF07AC9B9
S11372300DF076C90AF072C93BF06EC927D0034C31
S1137240C672ADE197F01EA000B1AC5A204B907A03
S11372509003C880F4C000F00CC005B00820BC8FB7
S113726090034C7A73A000B1ACC925D0034C0374CD
S1137270C924D0034C7573C92EF019C93FF01520E9
S11372803F9090034CC573201A90B07320DA8FB0EE
S11372901F4C9974A001B1AC202290B062A000B13F
S11372A0AC20DA8FB00A4C9974A90085954C8F7480
S11372B0A9048595A000B1AC8594858FA90185901A
S11372C020B58F4C8F74A9038595A9048593A903D0
S11372D0859020B58FA000B1ACF021C90DF01DC977
S11372E00AF019859A20B58FA000B1ACC927D00C3B
S11372F020B58FA000B1AC858F4C8F744C9974A9C4
S113730001859520A790A000B1ACC93AF03BA590A7
S1137310F00BA000B1AC202290B01B8043A000B1C0
S1137320ACC92EF00BC93FF007201A909044800698
S1137330A59309088593A000B1ACE690297F204E5F
S11373409020AA9020B58F80BDA590D0034CB07238
S1137350A59309018593A93A858F20B58F4C8F7425
S1137360A000B1AC20BC8F9009A000B1AC858F4CBB
S11373708F744C997420B58F8000A9028595A90259
S11373808594A901859020988FA000B1AC204B90E2
S1137390B016A000B1AC20BC8F9027A58EF023A01E
S11373A000B1AC858F4C8F74858CE68EA58EC90593
S11373B0B010205A90A59A058C859AE69020B58F36
S11373C080C74C9974A9028595A901859420988F4A
S11373D0A000B1AC203F909015A000B1AC38E930CA
S11373E0858CE68E207490E69020B58F80E2A00014
S11373F0B1AC20BC8F9009A000B1AC858F4C8F74C8
S11374004C9974A9028595A9038594A901859020B6
S1137410988F20B58FA000B1ACC930F031C931F0DC
S113742034C958F03DC978F03920BC8F901DA58E21
S1137430C908F004C910D013A5932902F004A904C3
S11374408594A000B1AC858F4C8F744C9974207ACC
S11374507490F8801E207A7490F1A59A0901859A97
S11374608011A58EC910B0E3E68E206B90A5930918
S1137470028593E69020B58F809BA58EC91090025B
S11374801860E68E206B90A598090185983860A94C
S1137490008592A6AAA4AB3860A59309808593A918
S11374A00385928D9D94A6AAA4AB1860A595C901E5
S11374B0D04EA200E053F048A5B0DD2DE8D03EA5A3
S11374C0B1DD80E8D037A5B2DDD3E8D030A5B3DD97
S11374D026E9D0298691869A649B64986499A003CE
S11374E08AF014C951B010A002A209DD79E9F005AF
S11374F0CA10F8A001A691A90085923860E880B46A
S1137500A2FF8691649A649B64986499A000A90080
S11375108592186020228B201972B0034C9775A5B0
S113752095C900F04AC901D06620AC749015C00119
S1137530F00BC002F007C004F0514C9375200476A0
S11375404CAD7520BC75201972904CA595C900F0FE
S113755026C901D03220AC74902DC001F00BC002BA
S1137560F007C004F0254C87752004764CAD75A94E
S1137570008DCE974CAD75A9018DCE97ADCF9709EF
S1137580088DCF974CAD75A901800CA9028008A97C
S1137590038004A908800085928D9D948DDC97A9B1
S11375A0048DCE97ADDC97A6AAA4AB1860A900857C
S11375B0928DDC97AEDA97ACDB973860A5AA8DD0B4
S11375C097A5AB8DD197A5908DD297A5B08DD39764
S11375D0A5B18DD497A5B28DD597A5B38DD697AD0A
S11375E0CF9709018DCF97A5932901F008ADCF97C7
S11375F009028DCF97A5932908F008ADCF970940CC
S11376008DCF97608ED797988DD897A59A8DD99757
S1137610ADD897C902F00FA9028DCE97ADCF9709C7
S1137620088DCF978038A9038DCE97ADCF970920C9
S11376308DCF97ADD997C922D00AADCF9709108DB8
S1137640CF97801AC918F00EC919F00AC91EF0069E
S1137650C91DF0028008ADCF9709088DCF9720A3EC
S11376608FA5AC8DDA97A5AD8DDB97A000B1ACF0FA
S113767014C90DF010C90AF00CC93BF008ADCF973E
S113768009048DCF9760ADCE97C904D0034C2478FC
S1137690C900D0034C3578C901D00820678C901BF1
S11376A04C3578C902D017ADCF972901F005206772
S11376B08C900820285D90034C35784C2778C903BA
S11376C0F005A9034C2778ADD997C922D0034C15EE
S11376D077C923D0034C4A77C920D0034C4A77C9D1
S11376E043D0034C4A77C92FD0034C7B77C91FD0B2
S11376F0034CB977C918D0034CD077C919D0034CBF
S1137700D077C91ED0034CD077C91DD0034CD07795
S1137710A9024C2778ADCF972901D0034C1878AD36
S1137720CF972904D0034C1C78AEDA97ACDB9720B2
S11377301F80B0034CBB76200F84B0034C1C782010
S1137740698DB0034CBB764C3578ADCF972901F0E9
S1137750034C1878ADCF972904D0034C1C78AEDACB
S113776097ACDB97ADD997C920F005204278800308
S113777020EF78B0034CBB764C3578ADCF97290118
S1137780F0034C1878ADCF972904D0034C1C78AE85
S1137790DA97ACDB97201F80B0034C2778200F8446
S11377A0B0034C1C78A595C901F0034C207820281F
S11377B084B0034C27784C3578ADCF972901F0037A
S11377C04C1878ADCF972904F0034C1C784C3578CD
S11377D0ADCF972904D0034C1C78ADCF972901F085
S11377E00820678CB0034C2778AEDA97ACDB97ADF2
S11377F0D997C918F00DC919F00EC91EF00F20C68B
S11378007E800D205E7B800820BF7C8003202B7E41
S1137810B0034C27784C3578A908800BA90380075E
S1137820A9058003ADDC9785928D9D948DDC97A688
S113783080A4811860A90085928DDC97A680A4811C
S1137840386086AC84AD201972B00160A595C90179
S1137850F004A9081860A5932908F004A908186081
S1137860A5932901F004A9031860A5AA85A4A5ABD2
S113787085A5A590C9209004A90818608590200FBB
S113788084B004A9031860A90120508BB004A9088E
S113789018608691BD84982908D004A9081860A9A5
S11378A0018DE797ADD997C943D016A9818DE79784
S11378B0A200EC9497B00ABD44AA2980D02DE88098
S11378C0F1A200EC9497B00ABD04AAC591F01CE89B
S11378D080F1AE9497E040B012A5919D04AAADE763
S11378E0979D44AAEE9497A9003860A90818608669
S11378F0AC84AD201972B00160A595C901F004A94A
S1137900081860A5932908F004A9081860A593290C
S113791001F004A903186020AC749004A90818604D
S1137920A5AA85A4A5AB85A5A590C9209004A908FE
S11379301860200F84B004A9031860AE9597E04046
S1137940B011205779900C20D4799007EE9597A91F
S1137950003860A90818608EE597A5909D84AAA9AF
S1137960019DC4AAA5B09D04ABA5B19D44ABA5B22D
S11379709D84ABA5B39DC4AB20767A20B07AA5A430
S11379808584A5A585859CE4979CE697ADE497C579
S113799090B03D208191903A8DE89720819190326A
S11379A08DE997208191902A8DEA97ADE897AEE909
S11379B097ACEA9720D6919019848DACE6978A917A
S11379C0A6EEE697ACE697A58D91A6EEE69780BC69
S11379D038601860A200EC9597B022BD84AAC590C7
S11379E0D016868A20807AA000C016B00EB184D149
S11379F0A6D003C880F3A68AE880DB18603860A2AA
S1137A0000EC9597B06EBD84AAC590D0648EE597BE
S1137A1020767AA5A48584A5A585859CE4979CE613
S1137A2097ADE497C590B04120819190418DE8973E
S1137A3020819190398DE99720819190318DEA9739
S1137A40ADE897AEE997ACEA9720D6919020848D63
S1137A50ACE6978AD1A6D016EEE697ACE697A58D4C
S1137A60D1A6D00AEEE69780B8AEE5973860AEE5C9
S1137A7097E8808D1860A90485A6A9AC85A7800A1B
S1137A80A9048584A9AC85858013E000F00EA5A621
S1137A9018691685A69002E6A7CAD0F260E000F045
S1137AA00EA58418691685849002E685CAD0F26012
S1137AB0A000C016F007A90091A6C880F5608EEE5C
S1137AC0978CEF97201F809027648AA596F014C99D
S1137AD001D014A9028593A59A8D0198A59B8D02C6
S1137AE098386064933860A90585928D9D941860D8
S1137AF0C908F006C903F0021860AEEE97ACEF9720
S1137B0086AC84AD201972902120A488901CA5967F
S1137B10859AA597859BA58C8595A58D8594A58B20
S1137B208593AD00982903858A386020A38FA0002F
S1137B30B1ACF022C90DF01EC90AF01AC93BF01607
S1137B40C92CF009A90385928D9D94186020B58FE6
S1137B50A901858B3860A9008592648B38608EEC0E
S1137B60978CED979CEB97A9018DE09720857B90EE
S1137B703DADEB9720CB5DB0034C587C9CE097AEB9
S1137B80EC97ACED9786AC84AD648A64939C0098C2
S1137B909C01989C0298A6ACA4AD20BE7A900F20BC
S1137BA0B97B900A202B7B9005A58BD0DC38B003E1
S1137BB09CE09760A9034C587CA595C902D0034C5E
S1137BC0567C20217C9010ADE097F00CADEB97181B
S1137BD0658C8DEB97386060A5932901F0034C62A6
S1137BE07CA58AC901F020C902F024A594C904F037
S1137BF026C902F022C905F05DC906F059C900D0B2
S1137C0006A59BF002801020867CA59A4CA55920DD
S1137C10867CA59B4CA55920867CA59AA69B4CDB0B
S1137C2059A58AC901F024C902F020A594C904F019
S1137C3014C902F010C905F018C906F014C900D01F
S1137C400AA59BF006A902858C3860A901858C38A9
S1137C5060A9054C587CA9059CE09785928D9D945C
S1137C601860A58AF004A9028002A904859520D38E
S1137C705EB0034C587CA58AF005A9FF4CA559A910
S1137C80FFA2FF4CDB59A5932902F031A580858C16
S1137C90A581858DA58A2903F016200B71901E48B5
S1137CA0AD0198858AAD0298858B68202F71800D6F
S1137CB0A59A858AA59B858BA901202F7138608E92
S1137CC0EC978CED9720497DB00160ADEB9720CB0C
S1137CD05DB0034C247EAEEC97ACED9720AB7D9069
S1137CE067ADF097C902D008ADF19720A559905817
S1137CF0ADF1978DEB97ADEB97F02EA000B1AC856D
S1137D008C20B58FADF097C901D012CEEB97ADEBB7
S1137D1097D006A58C09808009A58C8005CEEB97A9
S1137D20A58C20A559902180CD20B58FADF097F07A
S1137D300DC901D00EADF197D009A980800020A50E
S1137D40599005A90085923860AEEC97ACED972068
S1137D50AB7D90F49CEB97A000B1ACF016C90DF08C
S1137D6012C90AF00EC58FF010EEEB97F00820B59B
S1137D708F80E44C1E7E4C227EADEB978DF19720D4
S1137D80B58F200F84B0034C1E7EADF197AEF097F3
S1137D90E001F00CE003F00E18690190094C227E1A
S1137DA0C900D002A9018DEB97386086AC84AD2060
S1137DB0A38FA000B1ACC927D007A2038EF097808F
S1137DC054A000B1AC29DFC943F00CC948F012C972
S1137DD050D04BA9028002A9008DF09720B58F8066
S1137DE015A9018DF09720B58FA000B1AC29DFC98A
S1137DF042D00320B58F20A38FA000B1ACC92CF0D2
S1137E0006C927F010801720B58F20A38FA000B1DA
S1137E10ACC922D009858F20B58FA9003860A90389
S1137E208002A90685928D9D9418608EEC978CED46
S1137E30979CEB97A9018DE09720527E903DADEB86
S1137E409720CB5DB0034CBC7E9CE097AEEC97AC26
S1137E50ED9786AC84AD648A64939C00989C0198E9
S1137E609C0298A6ACA4AD20BE7A900F20817E908F
S1137E700A202B7B9005A58BD0DC38B0039CE097BF
S1137E8060A595C902F02FADE097F00DADEB971802
S1137E906902B0268DEB973860A5932901F0034C55
S1137EA0627CA5932902F00320867CA59AA69B4CAC
S1137EB0DB59A9038006A9058002A9069CE09785E1
S1137EC0928D9D94186086AC84AD648AA6ACA4ADF2
S1137ED020BE7A901A20F07E901520197F9010AD64
S1137EE0F497D008ADF297F003207B9220857F6051
S1137EF0A595C902F01DA58AD019A59BD018A59AED
S1137F008DF29720CB5D900E9CF3979CF4979CF593
S1137F109738604C03804C078020A38FA000B1AC3D
S1137F20F046C90DF042C90AF03EC93BF03AC92CEB
S1137F30F005A9034C0980A9018DF497A5808DF65D
S1137F4097A5818DF79720B58F20A38F648AA6AC5F
S1137F50A4AD20BE7AB00160206A7FB00160202BFE
S1137F607BB00160A58BD0E13860A595C902F0A370
S1137F70ADF297F00EA59A20A559B00160CEF29704
S1137F80EEF5973860ADF297F06FADF497D010AD81
S1137F90F39720A559B00160CEF297D0F2805AAD84
S1137FA0F597F05BADF697858AADF797858B9CF8CE
S1137FB097A000B18A20A559B00160CEF297D005F0
S1137FC020E57F8034E68AD002E68BEEF897ADF8A0
S1137FD097CDF597D0DB9CF897ADF697858AADF7EA
S1137FE097858B80CCADF59738E901CDF897F008EB
S1137FF0ADB29709028DB29760A90085923860A945
S1138000038006A9058002A90685928D9D941860B7
S11380104CFD83A9018DE197201F809CE197608628
S1138020AC84AD6496649720197290E4208F80909C
S1138030DF20A38FA000B1ACC92CF049C929F045B9
S1138040200F84B040A206DD07C9F008CA10F8A9C1
S1138050034CFD838DCD9720918120B58FADCD97B5
S1138060C93CF004C93ED00CA000D1ACF0034CFBD9
S11380708320B58F2019729097208F80909220B61C
S113808081908D80ACA9008592A69AA49B3860A5A6
S113809095C902F016C903F07DC901D0034C2481AF
S11380A0C904D0034C7381A9031860A594C901F0D5
S11380B010C902F01AC903F033C904F044A9031823
S11380C060A9008595A90085942008844C8F81A916
S11380D0018595A590C904D0034CF783B004A90386
S11380E08002A90485942008844C8F81A900859579
S11380F0A58EC908F004A9028002A90185944C8FB9
S113810081A9028595A58EC908F004A9068002A953
S11381100585944C8F81A9008595A9018594200833
S1138120844C8F81A5AA85A4A5AB85A5A593290810
S1138130F015AD85B1D0034CF383A590C91090031D
S11381404CF383A902800BADE097F004A9018002EF
S1138150A90520508BB009C900D0034CF3831860E3
S1138160A5932902D007BD84982908F004A90185A4
S1138170963860A594C92AF0034CFB83A580859AA0
S1138180A581859BA9018595A90485942008843837
S113819060A59A8DC797A59B8DC897A5988DC997FB
S11381A0A5998DCA97A5958DCB97A5948DCC97A5A8
S11381B0968597649660ADCD97C92BF023C92DF0B1
S11381C06FC926D0034C8882C97CD0034C8882C9ED
S11381D05ED0034C8882C93CD0034C1B834C1F8364
S11381E020A18EB00160ADCB97C901F008C900F0A1
S11381F00EA9051860A595C900F012A9051860A577
S113820095C901F019C900F021A9051860ADCC97F2
S11382108594206683B0034CA183A9061860206668
S113822083B0034CA183A90618602066834C948311
S113823020A18EB00160ADCB97C901F008C900F050
S113824012A9051860A595C901F019C900F021A962
S1138250051860A595C901D0034CF783C900F02126
S1138260A9051860207D8390034C9483A9061860A7
S1138270ADCC978594207D8390034CA183A90618E7
S113828060207D834C948360A5970596F0034CF79A
S11382908320AA8EB00160A201ADCD97C926F02239
S11382A0C97CF00EBDC797559A959ABDC997359864
S11382B08036BDC797159A959ABDC9973598159A72
S11382C08026BDC79749FF3DC997858CB59A49FF5C
S11382D03598058C858CBDC9973598058C858CBDE2
S11382E0C797359A959AA58C9598CA10ACA58DC94F
S11382F001D004649B6499ADCB97C902F010A59595
S1138300C902F00AA58D8594A90085953860A58DCC
S11383101869048594A90285953860A9008002A98A
S113832001858CA5970596F0034CF78320A18EB0A8
S11383300160A59BD02CA59AC910B026AAADC797F9
S1138340859AADC897859BE000F014A58CD00906EA
S11383509A269BCAD0F98007469B669ACAD0F94CE4
S11383609483A906186018A5976596859618ADC7D5
S113837097659A859AADC897659B859B6038A59744
S1138380E596859638ADC797E59A859AADC897E581
S11383909B859B60A9008595A90085942008843855
S11383A060A901859520B083B001602008843860FD
S11383B0A594C903F008C904F00CA9051860A59B8D
S11383C0F004A90618603860ADCB97C902F028AD57
S11383D0C997C9FFD021ADCA97C9FFD01A3860A583
S11383E095C902F012A598C9FFD00CA599C9FFD070
S11383F0063860A9088006A9058002A90385928D24
S11384009D94A6AAA4AB1860A9FF859885996020BD
S1138410A38FA000B1ACF00EC90DF00AC90AF00692
S1138420C93BF0021860386020B884900BADB29755
S11384302901D004A9018002A900858CD00EA59B36
S1138440C581906BD006A59AC5809063A59BC97D14
S11384509009A90685928D9D941860A59AA69B20E3
S1138460075EB009A90685928D9D941860A58CD0ED
S11384700FA59BC581D006A59AC580F003207292F2
S1138480A59A8580A59B8581A58CD00520075A8057
S113849010A5808DA4948DA694A5818DA5948DA7F7
S11384A094ADB29709018DB297A90085923860A95D
S11384B00685928D9D941860A580CDA494D019A5AD
S11384C081CDA594D012ADA694CDA494D00AADA725
S11384D094CDA594D0023860186086AC84AD8EEE3D
S11384E0978CEF97648B9C00989C01989C02982031
S11384F01972B0034CFF8AA595C900F02FC904D0A6
S11385000AA594C923F034C928F06AAEEE97ACEFFB
S113851097208188B0034CFF8A20818AB00B20AC5D
S11385208A90034CB0864C92874C968664966497E6
S1138530648BA9008594A9004C0A8BA6ACA4AD2039
S11385408188B0034CFF8A200F84B0034CF18AA5C4
S11385508CC980D0034CF58AC902D0034CF98AA592
S11385608B2901D007A597F0034CFD8AA9018594B6
S1138570A9024C0A8BA6ACA4AD208188B0034CFFA1
S11385808AA58CC980D0034CF58AC901F0034CF943
S11385908A201972B0034CFF8AA595C904F0034CD4
S11385A0F18AA594C929F04AC92CF0034CF18A2018
S11385B03F86B0034CFF8AA58AC951F0034CF58A63
S11385C0201972B0034CFF8AA595C904D006A5945E
S11385D0C929F0034CF18A200F84B0034CF18AA519
S11385E08DC903D0034C7286C904D0034C8D864CCC
S11385F0F98A201972B0034CFF8AA595C900F0329C
S1138600C904F0034CF18AA594C92CF0034CF18AF7
S1138610203F86B0034CFF8AA58AC952F0034CF56B
S11386208A200F84B0034CF18AA58DC903F04C4C09
S1138630F98AA58DC903F031C904F0484CF98A20A0
S11386401972B00160A595C901F005A9044CFF8A0F
S113865020AC74B005A9044CFF8AC003F005A9043A
S11386604CFF8AA59A858A3860A9018594A90A4C89
S11386700A8BA9018594A90B4C0A8BA9018594A99D
S11386800C4C0A8BA9028594A90D4C0A8BA902856E
S113869094A90E4C0A8B200F84B0034CF18AA58C4C
S11386A0C980D0034CF58AA9018594A9074C0A8B8B
S11386B0A58B2901F0034CF98AA58CC980F00FC958
S11386C002F008C900F00AC901F0064CF98A4CF519
S11386D08AA597F0034CFD8AA596C90890034CFD22
S11386E08A858A201972B0034CFF8AA595C904D0E3
S11386F006A594C92CF0034CF18AA6ACA4AD208144
S113870088B0034CFF8AA58CC901F007C980F0BE6C
S11387104CF98AA58DC903F0034CF98A20C38A90C9
S1138720034C3587200F84B0034CF18AA90185944A
S1138730A90F4C0A8BA58B2901F0034CF98A201947
S113874072B0034CFF8AA595C904D006A594C92C20
S1138750F0034CF18AA59648A6ACA4AD208188B05C
S113876008858D68A58D4CFF8AA58CC980F01BC92E
S113877002F01B200F84B004684CF18A6885986469
S113878099A9018594A9104C0A8B684CF58A684C08
S1138790F98A203888B0034CFF8AA58CC980F00779
S11387A0C901F0284CF98AA58DC900F0034CF58A5B
S11387B020D28AB0034CF58AA58AF0034CF58A646A
S11387C0966497A9008594A9014C0A8BA58AF0495F
S11387D0C951F007C952F0224CF58AA58DC903F09E
S11387E010C904F0034CF98AA9028594A9064C0A1D
S11387F08BA9018594A9054C0A8BA58DC903F0109A
S1138800C904F0034CF98AA9028594A9094C0A8B7E
S1138810A9018594A9084C0A8BA58DC903F010C938
S113882004F0034CF98AA9028594A9044C0A8BA983
S1138830018594A9034C0A8B648A2019729041A57E
S113884095C900F039C904F0034CF18AA594C92CE8
S1138850F0034CF18A2019729026A595C901F00302
S11388604CF58A20AC74B0034CF58AC003F0034C79
S1138870F58AA59A858A200F84B0034CF18A386062
S113888060A58A4820BE7AB002FA60A59A8596A5AA
S11388909B8597A595858CA594858DA593858B68D7
S11388A0858A3860648BA595C901D0034CBA88C900
S11388B004D0034C108AA903186020AC749012C031
S11388C003D00EA980858CA59A858D64966497380B
S11388D060A5AA85A4A5AB85A5A5932908F018AD24
S11388E085B1F071A590C910B06BADE097F004A903
S11388F002800FA906800BADE097F004A901800265
S1138900A90520508BB029C900F0021860A593294D
S113891008F0034CA38920FF79900BAD009809401F
S11389208D00984CA389207D89B0034CA3893860BD
S1138930A59A8596A59B8597A595858C205F89A585
S113894094C903F00CC904F008A595C901D00AA97B
S113895004858D3860A9081860A594858D3860A5B4
S1138960932908D007BD84982908F010A58B090223
S1138970858BA5968D0198A5978D029860ADD997A2
S1138980C928F004C927D019A2B0A00020682790F4
S11389901086968497A901858CA904858D648B38EB
S11389A060186020BA89A9FF85968597A901858CEE
S11389B0A904858DA901858B3860A5A48DF997A597
S11389C0A58DFA97A5908DFB97A5B08DFC97A5B1C1
S11389D08DFD97A5B28DFE97A5B38DFF97A593291D
S11389E008F008AD009809808D009860ADF997856E
S11389F0A4ADFA9785A5ADFB978590ADFC9785B09E
S1138A00ADFD9785B1ADFE9785B2ADFF9785B36097
S1138A10A594C93CF008C93EF008A9031860A9014F
S1138A208002A9028D0098201972902DA595C90184
S1138A30F022C904D01AA594C92AD014A580859619
S1138A40A5818597A901858CA904858D648B800AED
S1138A50A903186020D188B00160A58B2901D01B1F
S1138A60AD0098C902F00464978006A597859664C2
S1138A7097A901858CA903858D3860A903858D3854
S1138A8060ADD997C906F022C907F01EC908F01ACB
S1138A90C90AF016C90BF012C90CF00EC90DF00A80
S1138AA0C90FF006C910F00218603860ADD997C933
S1138AB004F00EC905F00AC938F006C941F00218DD
S1138AC0603860ADD997C904F006C905F002186092
S1138AD03860ADD997C903F016C92CF012C939F022
S1138AE00EC93AF00AC924F006C91AF0021860380F
S1138AF060A903800AA9048006A9058002A9068545
S1138B00928D9D94A6AAA4AB18608595A596859A86
S1138B10A597859BA58B8593A9008592A69AA49B6E
S1138B2038609CCE979CCF979CD0979CD1979CD231
S1138B30979CD3979CD4979CD5979CD6979CD79772
S1138B409CD8979CD9979CDA979CDB979CDC976080
S1138B5085932902F0034C028CA5932901D0034C80
S1138B60F68BA200EC8D97D0034CF68BBD0498C90C
S1138B7001D07FA5B0DD049CD078A5B1DD849CD064
S1138B8071A5B2DD049DD06AA5B3DD849DD063A533
S1138B9090DD049ED05C20F18E90578691A5932998
S1138BA004F02920B257B006A691A0001860A6913F
S1138BB0BD84A0D00CADA2949D04A1ADA3949D84CA
S1138BC0A1FE84A0BD849809019D8498BD049A8562
S1138BD09ABD849A859BBD049B8598BD849B859989
S1138BE0BD04998595BD84998594A001A9008592B9
S1138BF03860E84C648BA2FF8691A000A90085929E
S1138C001860AD85B1F054A200EC84B1F04DA5B06C
S1138C10DDB6B1D043A5B1DDC6B1D03CA5B2DDD639
S1138C20B1D035A5B3DDE6B1D02EA590DD86B1D0A7
S1138C3027203F8F90228691BD96B1859ABDA6B11B
S1138C40859BA9FF85988599A9018595A904859493
S1138C50A001A90085923860E880AEA2FF8691A0A9
S1138C6000A9008592186020088EB0034CFA8CADE0
S1138C70CF972940F0034C038D20548DB0034CFC56
S1138C808CA90120508BB072AE8D97E080B06B86BA
S1138C9091203C8E9064A9019D0498A90E9D84980E
S1138CA0A9019D0499A9049D8499A5809D049AA570
S1138CB0819D849AA9FF9D049B9D849BADA2949D54
S1138CC0849FADA3949D04A09E84A09E04A19E8431
S1138CD0A1EE8D97A580859AA581859BA9028D0318
S1138CE098DA5A20B55FB008858C7AFAA58C800C86
S1138CF07AFAA9008592A4813860A90885928D9D8D
S1138D00941860AD85B1F048A590C910B042A9028D
S1138D1020508BB03BAE84B1E010B0348691200C6F
S1138D208FA5809D96B1859AA5819DA6B1859BEE60
S1138D3084B1A9028D0398DA5A20B55FB008858CF6
S1138D407AFAA58C80B67AFAA9008592A481386053
S1138D50A90880A820995F9004A90918609C84B18F
S1138D60A9018D85B1A900386020088EB0034CFF9D
S1138D708DADCF972940F0034CFF8DA595C900F028
S1138D800CC901F008C902F004A9058074A90120E6
S1138D90508BB06BAE8D97E080B0648691203C8E92
S1138DA0905DA9019D0498A9169D8498A5959D049C
S1138DB099A5949D8499A59A9D049AA59B9D849AAE
S1138DC0A5989D049BA5999D849BADA2949D849F89
S1138DD0ADA3949D04A09E84A09E04A19E84A1EEB4
S1138DE08D979C0398DA5A20B55FB008858C7AFA7F
S1138DF0A58C800D7AFAA9008592BC84993860A963
S1138E000885928D9D941860ADCF972901F02BAD04
S1138E10D297F026C920B0228590ADD09785A4AD15
S1138E20D19785A5ADD39785B0ADD49785B1ADD590
S1138E309785B2ADD69785B338601860AD8E971814
S1138E406590858CAD8F976900858DC908900CF06D
S1138E50034CEF8EA58CF0034CEF8EAD8E979D8462
S1138E609EAD8F979D049FA58C8D8E97A58D8D8F1C
S1138E7097A5B09D049CA5B19D849CA5B29D049D1D
S1138E80A5B39D849DA5909D049E206B8FA000C4D6
S1138E9090F00CB1A4297F204E909184C880F038C2
S1138EA06020C883900320DF8360ADCC9720C48EFC
S1138EB090F7858DA59420C48E90EEC58DF0034C5B
S1138EC0F7833860C900F023C901F01BC903F01708
S1138ED0C905F013C902F00BC904F007C906F00371
S1138EE04CF783A9023860A9013860A900386018DA
S1138EF060206B8FA000C490F00EB1A4297F204E97
S1138F0090D184D005C880EE38601860A5B09DB6B5
S1138F10B1A5B19DC6B1A5B29DD6B1A5B39DE6B12B
S1138F20A5909D86B1205A8FA000C490F00CB1A4E6
S1138F30297F204E909184C880F0A90091846020FC
S1138F405A8FA000C490F00EB1A4297F204E90D176
S1138F5084D005C880EE386018608A0A0A0A0A18A4
S1138F6069F68584A9B16900858560BD849E186908
S1138F70048584BD049F69A28585606495649464B6
S1138F80936490648F649A649B64986499648E6417
S1138F90B064B164B264B360649A649B6498649985
S1138FA0648E60A000B1ACC920F005C909F001606D
S1138FB020B58F80EEE6ACD002E6AD60C900F018B3
S1138FC0C90DF014C90AF010C93BF00CC920F0080F
S1138FD0C909F00420DA8F603860C923F03AC92C3B
S1138FE0F036C928F032C929F02EC93CF02AC93E0E
S1138FF0F026C92BF022C92DF01EC92AF01AC97C0B
S1139000F016C926F012C95EF00EC93AF00AC92E4C
S1139010F006C93FF00218603860C95FF01D202BCC
S11390209060201A90B003203F9060C9419004C919
S11390305B9008C9619006C97BB00238601860C9AA
S1139040309006C93AB002386018606CB997C961AB
S11390509007C97BB00338E92060069A269B069ADC
S1139060269B069A269B069A269B60069A269B06B2
S113907098269960A59A858AA59B858B069A269B36
S1139080068A268B068A268B068A268B18A59A655D
S11390908A859AA59B658B859B18A59A658C859A6C
S11390A0A59B6900859B606CBD976CBF97AD949739
S11390B08DF495A9018DF5959CF695A200EC9497F5
S11390C0F013BD04AAA8B9049E20E69018690820EC
S11390D0D690E880E860186DF5958DF595ADF69518
S11390E069008DF69560858C648DA58CF013E68DF2
S11390F0E68DC904900738E903858C80ED648C8083
S1139100E9A58D608691206B8FA691BD049E859004
S11391109CE497ADE497C590B031208191902C8D5B
S1139120E89720819190248DE997208191901C8D5E
S1139130EA97ADE897AEE997ACEA9720D691848D8B
S11391408A20F366A58D20F36680C860AD95978D5F
S1139150F795A9018DF8959CF995A200EC9597F0E7
S11391600FBD84AA20E690186906207191E880EC6E
S113917060186DF8958DF895ADF99569008DF995A0
S113918060ADE497C5909004A9003860A8B184EE5E
S1139190E49720969160297FF038204E90C9419041
S11391A009C95BB00538E9403860C930900CC93A48
S11391B0B00838E93018691B3860C95FD004A925A4
S11391C03860C93FD004A9263860C92ED006A92723
S11391D03860386018608DE8978EE9978CEA97C9F3
S11391E028B024E028B020C028B01C649B859A20B5
S11391F01392ADE997200992201392ADEA972009C2
S113920092A69AA49B3860186018659A859A900271
S1139210E69B60A59A858AA59B858B069A269B0664
S11392209A269B069A269BA205068A268BCAD0F903
S113923018A59A658A859AA59B658B859B60ADA4C4
S1139240948DA994ADA5948DAA94ADA6948DAB9458
S1139250ADA7948DAC94ADA69438EDA4948DAD9443
S1139260ADA794EDA5948DAE94ADA89409018DA8F5
S11392709460ADA89409028DA89460ADA8940904E3
S11392808DA89460ADA89409088DA89460ADA894A5
S113929009108DA89460ADA8942901D004A90118DF
S11392A060ADA894C901F004A9021860A90038604F
S11392B020A790ADAD94859AADAE94859BA59B05F2
S11392C09AF01DA000B1A820AA90E6A8D002E6A9B1
S11392D0C69AA59AC9FFD002C69BA59A059BD0E35E
S11392E060209692B00160ADA99485A8ADAA94853A
S11392F0A920B092A5B08DAF94A5B18DB094A5B2BC
S11393008DB194A5B38DB29420AD90204C91A90059
S11393103860A28CA0E7209827ADA89420B227A299
S11393209BA0E7209827ADAA94AEA99420D227A2A7
S1139330A2A0E7209827ADAC94AEAB9420D227200E
S1139340DA27A2A8A0E7209827A994A2A820D227C8
S1139350A2B4A0E7209827ADAE94AEAD9420D22756
S1139360A2BAA0E7209827ADB294AEB19420D22738
S1139370ADB094AEAF9420D22720DA27A2C0A0E7E4
S1139380209827A994A2B320D227A2E4A0E720988A
S113939027ADB39420B22720DA27ADF495D006ADDB
S11393A0F795D01260A9F4858CA995858DA2CCA0DF
S11393B0E720C59380E9A9F7858CA995858DA2D866
S11393C0A0E74CC593A58C858AA58D858B2098270D
S11393D0A58BA68A20D227A2E4A0E7209827A00084
S11393E0B18A20B227A2B4A0E7209827A001B18AAD
S11393F0AAA90020D2274CDA27A20B9EA894CA104F
S1139400FA9CF4959CF5959CF6959CF7959CF8959B
S11394109CF9956020F9939C9C949C9D949CA294A7
S11394209CA3949C8D979C8E979C8F979C90979CC3
S113943084B19C85B19CB1979CB2979CF9979CFA96
S1139440979CFB979CFC979CFD979CFE979CFF9791
S11394509C00989C01989C02989C03989C91979CD2
S1139460E0979CE1979C94979C95979C96979CE792
S1139470979C97979C98979C99979C9A979C9B9755
S11394809C9C979C9D979C9E979CA0979CA1979C25
S1139490A2979CA3979CA4979CA5976000000000AA
S11394A000000000000000000000000000000000B8
S11394B000000000000000000000000000000000A8
S11394C00000000000000000000000000000000098
S11394D00000000000000000000000000000000088
S11394E00000000000000000000000000000000078
S11394F00000000000000000000000000000000068
S11395000000000000000000000000000000000057
S11395100000000000000000000000000000000047
S11395200000000000000000000000000000000037
S11395300000000000000000000000000000000027
S11395400000000000000000000000000000000017
S11395500000000000000000000000000000000007
S113956000000000000000000000000000000000F7
S113957000000000000000000000000000000000E7
S113958000000000000000000000000000000000D7
S113959000000000000000000000000000000000C7
S11395A000000000000000000000000000000000B7
S11395B000000000000000000000000000000000A7
S11395C00000000000000000000000000000000097
S11395D00000000000000000000000000000000087
S11395E00000000000000000000000000000000077
S11395F00000000000000000000000000000000067
S11396000000000000000000000000000000000056
S11396100000000000000000000000000000000046
S11396200000000000000000000000000000000036
S11396300000000000000000000000000000000026
S11396400000000000000000000000000000000016
S11396500000000000000000000000000000000006
S113966000000000000000000000000000000000F6
S113967000000000000000000000000000000000E6
S113968000000000000000000000000000000000D6
S113969000000000000000000000000000000000C6
S11396A000000000000000000000000000000000B6
S11396B000000000000000000000000000000000A6
S11396C00000000000000000000000000000000096
S11396D00000000000000000000000000000000086
S11396E00000000000000000000000000000000076
S11396F00000000000000000000000000000000066
S11397000000000000000000000000000000000055
S11397100000000000000000000000000000000045
S11397200000000000000000000000000000000035
S11397300000000000000000000000000000000025
S11397400000000000000000000000000000000015
S11397500000000000000000000000000000000005
S113976000000000000000000000000000000000F5
S113977000000000000000000000000000000000E5
S113978000000000000000000000000000000000D5
S113979000000000000000000000000000000000C5
S11397A000000000000000000000000000000000B5
S11397B000000000000000000000000000000000A5
S11397C00000000000000000000000000000000095
S11397D00000000000000000000000000000000085
S11397E00000000000000000000000000000000075
S11397F00000000000000000000000000000000065
S11398000000000000000000000000000000000054
S11398100000000000000000000000000000000044
S11398200000000000000000000000000000000034
S11398300000000000000000000000000000000024
S11398400000000000000000000000000000000014
S11398500000000000000000000000000000000004
S113986000000000000000000000000000000000F4
S113987000000000000000000000000000000000E4
S113988000000000000000000000000000000000D4
S113989000000000000000000000000000000000C4
S11398A000000000000000000000000000000000B4
S11398B000000000000000000000000000000000A4
S11398C00000000000000000000000000000000094
S11398D00000000000000000000000000000000084
S11398E00000000000000000000000000000000074
S11398F00000000000000000000000000000000064
S11399000000000000000000000000000000000053
S11399100000000000000000000000000000000043
S11399200000000000000000000000000000000033
S11399300000000000000000000000000000000023
S11399400000000000000000000000000000000013
S11399500000000000000000000000000000000003
S113996000000000000000000000000000000000F3
S113997000000000000000000000000000000000E3
S113998000000000000000000000000000000000D3
S113999000000000000000000000000000000000C3
S11399A000000000000000000000000000000000B3
S11399B000000000000000000000000000000000A3
S11399C00000000000000000000000000000000093
S11399D00000000000000000000000000000000083
S11399E00000000000000000000000000000000073
S11399F00000000000000000000000000000000063
S1139A000000000000000000000000000000000052
S1139A100000000000000000000000000000000042
S1139A200000000000000000000000000000000032
S1139A300000000000000000000000000000000022
S1139A400000000000000000000000000000000012
S1139A500000000000000000000000000000000002
S1139A6000000000000000000000000000000000F2
S1139A7000000000000000000000000000000000E2
S1139A8000000000000000000000000000000000D2
S1139A9000000000000000000000000000000000C2
S1139AA000000000000000000000000000000000B2
S1139AB000000000000000000000000000000000A2
S1139AC00000000000000000000000000000000092
S1139AD00000000000000000000000000000000082
S1139AE00000000000000000000000000000000072
S1139AF00000000000000000000000000000000062
S1139B000000000000000000000000000000000051
S1139B100000000000000000000000000000000041
S1139B200000000000000000000000000000000031
S1139B300000000000000000000000000000000021
S1139B400000000000000000000000000000000011
S1139B500000000000000000000000000000000001
S1139B6000000000000000000000000000000000F1
S1139B7000000000000000000000000000000000E1
S1139B8000000000000000000000000000000000D1
S1139B9000000000000000000000000000000000C1
S1139BA000000000000000000000000000000000B1
S1139BB000000000000000000000000000000000A1
S1139BC00000000000000000000000000000000091
S1139BD00000000000000000000000000000000081
S1139BE00000000000000000000000000000000071
S1139BF00000000000000000000000000000000061
S1139C000000000000000000000000000000000050
S1139C100000000000000000000000000000000040
S1139C200000000000000000000000000000000030
S1139C300000000000000000000000000000000020
S1139C400000000000000000000000000000000010
S1139C500000000000000000000000000000000000
S1139C6000000000000000000000000000000000F0
S1139C7000000000000000000000000000000000E0
S1139C8000000000000000000000000000000000D0
S1139C9000000000000000000000000000000000C0
S1139CA000000000000000000000000000000000B0
S1139CB000000000000000000000000000000000A0
S1139CC00000000000000000000000000000000090
S1139CD00000000000000000000000000000000080
S1139CE00000000000000000000000000000000070
S1139CF00000000000000000000000000000000060
S1139D00000000000000000000000000000000004F
S1139D10000000000000000000000000000000003F
S1139D20000000000000000000000000000000002F
S1139D30000000000000000000000000000000001F
S1139D40000000000000000000000000000000000F
S1139D5000000000000000000000000000000000FF
S1139D6000000000000000000000000000000000EF
S1139D7000000000000000000000000000000000DF
S1139D8000000000000000000000000000000000CF
S1139D9000000000000000000000000000000000BF
S1139DA000000000000000000000000000000000AF
S1139DB0000000000000000000000000000000009F
S1139DC0000000000000000000000000000000008F
S1139DD0000000000000000000000000000000007F
S1139DE0000000000000000000000000000000006F
S1139DF0000000000000000000000000000000005F
S1139E00000000000000000000000000000000004E
S1139E10000000000000000000000000000000003E
S1139E20000000000000000000000000000000002E
S1139E30000000000000000000000000000000001E
S1139E40000000000000000000000000000000000E
S1139E5000000000000000000000000000000000FE
S1139E6000000000000000000000000000000000EE
S1139E7000000000000000000000000000000000DE
S1139E8000000000000000000000000000000000CE
S1139E9000000000000000000000000000000000BE
S1139EA000000000000000000000000000000000AE
S1139EB0000000000000000000000000000000009E
S1139EC0000000000000000000000000000000008E
S1139ED0000000000000000000000000000000007E
S1139EE0000000000000000000000000000000006E
S1139EF0000000000000000000000000000000005E
S1139F00000000000000000000000000000000004D
S1139F10000000000000000000000000000000003D
S1139F20000000000000000000000000000000002D
S1139F30000000000000000000000000000000001D
S1139F40000000000000000000000000000000000D
S1139F5000000000000000000000000000000000FD
S1139F6000000000000000000000000000000000ED
S1139F7000000000000000000000000000000000DD
S1139F8000000000000000000000000000000000CD
S1139F9000000000000000000000000000000000BD
S1139FA000000000000000000000000000000000AD
S1139FB0000000000000000000000000000000009D
S1139FC0000000000000000000000000000000008D
S1139FD0000000000000000000000000000000007D
S1139FE0000000000000000000000000000000006D
S1139FF0000000000000000000000000000000005D
S113A000000000000000000000000000000000004C
S113A010000000000000000000000000000000003C
S113A020000000000000000000000000000000002C
S113A030000000000000000000000000000000001C
S113A040000000000000000000000000000000000C
S113A05000000000000000000000000000000000FC
S113A06000000000000000000000000000000000EC
S113A07000000000000000000000000000000000DC
S113A08000000000000000000000000000000000CC
S113A09000000000000000000000000000000000BC
S113A0A000000000000000000000000000000000AC
S113A0B0000000000000000000000000000000009C
S113A0C0000000000000000000000000000000008C
S113A0D0000000000000000000000000000000007C
S113A0E0000000000000000000000000000000006C
S113A0F0000000000000000000000000000000005C
S113A100000000000000000000000000000000004B
S113A110000000000000000000000000000000003B
S113A120000000000000000000000000000000002B
S113A130000000000000000000000000000000001B
S113A140000000000000000000000000000000000B
S113A15000000000000000000000000000000000FB
S113A16000000000000000000000000000000000EB
S113A17000000000000000000000000000000000DB
S113A18000000000000000000000000000000000CB
S113A19000000000000000000000000000000000BB
S113A1A000000000000000000000000000000000AB
S113A1B0000000000000000000000000000000009B
S113A1C0000000000000000000000000000000008B
S113A1D0000000000000000000000000000000007B
S113A1E0000000000000000000000000000000006B
S113A1F0000000000000000000000000000000005B
S113A200000000000000000000000000000000004A
S113A210000000000000000000000000000000003A
S113A220000000000000000000000000000000002A
S113A230000000000000000000000000000000001A
S113A240000000000000000000000000000000000A
S113A25000000000000000000000000000000000FA
S113A26000000000000000000000000000000000EA
S113A27000000000000000000000000000000000DA
S113A28000000000000000000000000000000000CA
S113A29000000000000000000000000000000000BA
S113A2A000000000000000000000000000000000AA
S113A2B0000000000000000000000000000000009A
S113A2C0000000000000000000000000000000008A
S113A2D0000000000000000000000000000000007A
S113A2E0000000000000000000000000000000006A
S113A2F0000000000000000000000000000000005A
S113A3000000000000000000000000000000000049
S113A3100000000000000000000000000000000039
S113A3200000000000000000000000000000000029
S113A3300000000000000000000000000000000019
S113A3400000000000000000000000000000000009
S113A35000000000000000000000000000000000F9
S113A36000000000000000000000000000000000E9
S113A37000000000000000000000000000000000D9
S113A38000000000000000000000000000000000C9
S113A39000000000000000000000000000000000B9
S113A3A000000000000000000000000000000000A9
S113A3B00000000000000000000000000000000099
S113A3C00000000000000000000000000000000089
S113A3D00000000000000000000000000000000079
S113A3E00000000000000000000000000000000069
S113A3F00000000000000000000000000000000059
S113A4000000000000000000000000000000000048
S113A4100000000000000000000000000000000038
S113A4200000000000000000000000000000000028
S113A4300000000000000000000000000000000018
S113A4400000000000000000000000000000000008
S113A45000000000000000000000000000000000F8
S113A46000000000000000000000000000000000E8
S113A47000000000000000000000000000000000D8
S113A48000000000000000000000000000000000C8
S113A49000000000000000000000000000000000B8
S113A4A000000000000000000000000000000000A8
S113A4B00000000000000000000000000000000098
S113A4C00000000000000000000000000000000088
S113A4D00000000000000000000000000000000078
S113A4E00000000000000000000000000000000068
S113A4F00000000000000000000000000000000058
S113A5000000000000000000000000000000000047
S113A5100000000000000000000000000000000037
S113A5200000000000000000000000000000000027
S113A5300000000000000000000000000000000017
S113A5400000000000000000000000000000000007
S113A55000000000000000000000000000000000F7
S113A56000000000000000000000000000000000E7
S113A57000000000000000000000000000000000D7
S113A58000000000000000000000000000000000C7
S113A59000000000000000000000000000000000B7
S113A5A000000000000000000000000000000000A7
S113A5B00000000000000000000000000000000097
S113A5C00000000000000000000000000000000087
S113A5D00000000000000000000000000000000077
S113A5E00000000000000000000000000000000067
S113A5F00000000000000000000000000000000057
S113A6000000000000000000000000000000000046
S113A6100000000000000000000000000000000036
S113A6200000000000000000000000000000000026
S113A6300000000000000000000000000000000016
S113A6400000000000000000000000000000000006
S113A65000000000000000000000000000000000F6
S113A66000000000000000000000000000000000E6
S113A67000000000000000000000000000000000D6
S113A68000000000000000000000000000000000C6
S113A69000000000000000000000000000000000B6
S113A6A000000000000000000000000000000000A6
S113A6B00000000000000000000000000000000096
S113A6C00000000000000000000000000000000086
S113A6D00000000000000000000000000000000076
S113A6E00000000000000000000000000000000066
S113A6F00000000000000000000000000000000056
S113A7000000000000000000000000000000000045
S113A7100000000000000000000000000000000035
S113A7200000000000000000000000000000000025
S113A7300000000000000000000000000000000015
S113A7400000000000000000000000000000000005
S113A75000000000000000000000000000000000F5
S113A76000000000000000000000000000000000E5
S113A77000000000000000000000000000000000D5
S113A78000000000000000000000000000000000C5
S113A79000000000000000000000000000000000B5
S113A7A000000000000000000000000000000000A5
S113A7B00000000000000000000000000000000095
S113A7C00000000000000000000000000000000085
S113A7D00000000000000000000000000000000075
S113A7E00000000000000000000000000000000065
S113A7F00000000000000000000000000000000055
S113A8000000000000000000000000000000000044
S113A8100000000000000000000000000000000034
S113A8200000000000000000000000000000000024
S113A8300000000000000000000000000000000014
S113A8400000000000000000000000000000000004
S113A85000000000000000000000000000000000F4
S113A86000000000000000000000000000000000E4
S113A87000000000000000000000000000000000D4
S113A88000000000000000000000000000000000C4
S113A89000000000000000000000000000000000B4
S113A8A000000000000000000000000000000000A4
S113A8B00000000000000000000000000000000094
S113A8C00000000000000000000000000000000084
S113A8D00000000000000000000000000000000074
S113A8E00000000000000000000000000000000064
S113A8F00000000000000000000000000000000054
S113A9000000000000000000000000000000000043
S113A9100000000000000000000000000000000033
S113A9200000000000000000000000000000000023
S113A9300000000000000000000000000000000013
S113A9400000000000000000000000000000000003
S113A95000000000000000000000000000000000F3
S113A96000000000000000000000000000000000E3
S113A97000000000000000000000000000000000D3
S113A98000000000000000000000000000000000C3
S113A99000000000000000000000000000000000B3
S113A9A000000000000000000000000000000000A3
S113A9B00000000000000000000000000000000093
S113A9C00000000000000000000000000000000083
S113A9D00000000000000000000000000000000073
S113A9E00000000000000000000000000000000063
S113A9F00000000000000000000000000000000053
S113AA000000000000000000000000000000000042
S113AA100000000000000000000000000000000032
S113AA200000000000000000000000000000000022
S113AA300000000000000000000000000000000012
S113AA400000000000000000000000000000000002
S113AA5000000000000000000000000000000000F2
S113AA6000000000000000000000000000000000E2
S113AA7000000000000000000000000000000000D2
S113AA8000000000000000000000000000000000C2
S113AA9000000000000000000000000000000000B2
S113AAA000000000000000000000000000000000A2
S113AAB00000000000000000000000000000000092
S113AAC00000000000000000000000000000000082
S113AAD00000000000000000000000000000000072
S113AAE00000000000000000000000000000000062
S113AAF00000000000000000000000000000000052
S113AB000000000000000000000000000000000041
S113AB100000000000000000000000000000000031
S113AB200000000000000000000000000000000021
S113AB300000000000000000000000000000000011
S113AB400000000000000000000000000000000001
S113AB5000000000000000000000000000000000F1
S113AB6000000000000000000000000000000000E1
S113AB7000000000000000000000000000000000D1
S113AB8000000000000000000000000000000000C1
S113AB9000000000000000000000000000000000B1
S113ABA000000000000000000000000000000000A1
S113ABB00000000000000000000000000000000091
S113ABC00000000000000000000000000000000081
S113ABD00000000000000000000000000000000071
S113ABE00000000000000000000000000000000061
S113ABF00000000000000000000000000000000051
S113AC000000000000000000000000000000000040
S113AC100000000000000000000000000000000030
S113AC200000000000000000000000000000000020
S113AC300000000000000000000000000000000010
S113AC400000000000000000000000000000000000
S113AC5000000000000000000000000000000000F0
S113AC6000000000000000000000000000000000E0
S113AC7000000000000000000000000000000000D0
S113AC8000000000000000000000000000000000C0
S113AC9000000000000000000000000000000000B0
S113ACA000000000000000000000000000000000A0
S113ACB00000000000000000000000000000000090
S113ACC00000000000000000000000000000000080
S113ACD00000000000000000000000000000000070
S113ACE00000000000000000000000000000000060
S113ACF00000000000000000000000000000000050
S113AD00000000000000000000000000000000003F
S113AD10000000000000000000000000000000002F
S113AD20000000000000000000000000000000001F
S113AD30000000000000000000000000000000000F
S113AD4000000000000000000000000000000000FF
S113AD5000000000000000000000000000000000EF
S113AD6000000000000000000000000000000000DF
S113AD7000000000000000000000000000000000CF
S113AD8000000000000000000000000000000000BF
S113AD9000000000000000000000000000000000AF
S113ADA0000000000000000000000000000000009F
S113ADB0000000000000000000000000000000008F
S113ADC0000000000000000000000000000000007F
S113ADD0000000000000000000000000000000006F
S113ADE0000000000000000000000000000000005F
S113ADF0000000000000000000000000000000004F
S113AE00000000000000000000000000000000003E
S113AE10000000000000000000000000000000002E
S113AE20000000000000000000000000000000001E
S113AE30000000000000000000000000000000000E
S113AE4000000000000000000000000000000000FE
S113AE5000000000000000000000000000000000EE
S113AE6000000000000000000000000000000000DE
S113AE7000000000000000000000000000000000CE
S113AE8000000000000000000000000000000000BE
S113AE9000000000000000000000000000000000AE
S113AEA0000000000000000000000000000000009E
S113AEB0000000000000000000000000000000008E
S113AEC0000000000000000000000000000000007E
S113AED0000000000000000000000000000000006E
S113AEE0000000000000000000000000000000005E
S113AEF0000000000000000000000000000000004E
S113AF00000000000000000000000000000000003D
S113AF10000000000000000000000000000000002D
S113AF20000000000000000000000000000000001D
S113AF30000000000000000000000000000000000D
S113AF4000000000000000000000000000000000FD
S113AF5000000000000000000000000000000000ED
S113AF6000000000000000000000000000000000DD
S113AF7000000000000000000000000000000000CD
S113AF8000000000000000000000000000000000BD
S113AF9000000000000000000000000000000000AD
S113AFA0000000000000000000000000000000009D
S113AFB0000000000000000000000000000000008D
S113AFC0000000000000000000000000000000007D
S113AFD0000000000000000000000000000000006D
S113AFE0000000000000000000000000000000005D
S113AFF0000000000000000000000000000000004D
S113B000000000000000000000000000000000003C
S113B010000000000000000000000000000000002C
S113B020000000000000000000000000000000001C
S113B030000000000000000000000000000000000C
S113B04000000000000000000000000000000000FC
S113B05000000000000000000000000000000000EC
S113B06000000000000000000000000000000000DC
S113B07000000000000000000000000000000000CC
S113B08000000000000000000000000000000000BC
S113B09000000000000000000000000000000000AC
S113B0A0000000000000000000000000000000009C
S113B0B0000000000000000000000000000000008C
S113B0C0000000000000000000000000000000007C
S113B0D0000000000000000000000000000000006C
S113B0E0000000000000000000000000000000005C
S113B0F0000000000000000000000000000000004C
S113B100000000000000000000000000000000003B
S113B110000000000000000000000000000000002B
S113B120000000000000000000000000000000001B
S113B130000000000000000000000000000000000B
S113B14000000000000000000000000000000000FB
S113B15000000000000000000000000000000000EB
S113B16000000000000000000000000000000000DB
S113B17000000000000000000000000000000000CB
S113B18000000000000000000000000000000000BB
S113B19000000000000000000000000000000000AB
S113B1A0000000000000000000000000000000009B
S113B1B0000000000000000000000000000000008B
S113B1C0000000000000000000000000000000007B
S113B1D0000000000000000000000000000000006B
S113B1E0000000000000000000000000000000005B
S113B1F0000000000000000000000000000000004B
S113B200000000000000000000000000000000003A
S113B210000000000000000000000000000000002A
S113B220000000000000000000000000000000001A
S113B230000000000000000000000000000000000A
S113B24000000000000000000000000000000000FA
S113B25000000000000000000000000000000000EA
S113B26000000000000000000000000000000000DA
S113B27000000000000000000000000000000000CA
S113B28000000000000000000000000000000000BA
S113B29000000000000000000000000000000000AA
S113B2A0000000000000000000000000000000009A
S113B2B0000000000000000000000000000000008A
S113B2C0000000000000000000000000000000007A
S113B2D0000000000000000000000000000000006A
S113B2E0000000000000000000000000000000005A
S113B2F0000000000000000000000000000000004A
S113B3000000000000000000000000000000000039
S113B3100000000000000000000000000000000029
S113B3200000000000000000000000000000000019
S113B3300000000000000000000000000000000009
S113B34000000000000000000000000000000000F9
S113B35000000000000000000000000000000000E9
S113B36000000000000000000000000000000000D9
S113B37000000000000000000000000000000000C9
S113B38000000000000000000000000000000000B9
S113B39000000000000000000000000000000000A9
S113B3A00000000000000000000000000000000099
S113B3B00000000000000000000000000000000089
S113B3C00000000000000000000000000000000079
S113B3D00000000000000000000000000000000069
S113B3E00000000000000000000000000000000059
S113B3F00000000000000000000000000000000049
S113B4000000000000000000000000000000000038
S113B4100000000000000000000000000000000028
S113B4200000000000000000000000000000000018
S113B4300000000000000000000000000000000008
S113B44000000000000000000000000000000000F8
S113B45000000000000000000000000000000000E8
S113B46000000000000000000000000000000000D8
S113B47000000000000000000000000000000000C8
S113B48000000000000000000000000000000000B8
S113B49000000000000000000000000000000000A8
S113B4A00000000000000000000000000000000098
S113B4B00000000000000000000000000000000088
S113B4C00000000000000000000000000000000078
S113B4D00000000000000000000000000000000068
S113B4E00000000000000000000000000000000058
S113B4F00000000000000000000000000000000048
S113B5000000000000000000000000000000000037
S113B5100000000000000000000000000000000027
S113B5200000000000000000000000000000000017
S113B5300000000000000000000000000000000007
S113B54000000000000000000000000000000000F7
S113B55000000000000000000000000000000000E7
S113B56000000000000000000000000000000000D7
S113B57000000000000000000000000000000000C7
S113B58000000000000000000000000000000000B7
S113B59000000000000000000000000000000000A7
S113B5A00000000000000000000000000000000097
S113B5B00000000000000000000000000000000087
S113B5C00000000000000000000000000000000077
S113B5D00000000000000000000000000000000067
S113B5E00000000000000000000000000000000057
S113B5F00000000000000000000000000000000047
S113B6000000000000000000000000000000000036
S113B6100000000000000000000000000000000026
S113B6200000000000000000000000000000000016
S113B6300000000000000000000000000000000006
S113B64000000000000000000000000000000000F6
S113B65000000000000000000000000000000000E6
S113B66000000000000000000000000000000000D6
S113B67000000000000000000000000000000000C6
S113B68000000000000000000000000000000000B6
S113B69000000000000000000000000000000000A6
S113B6A00000000000000000000000000000000096
S113B6B00000000000000000000000000000000086
S113B6C00000000000000000000000000000000076
S113B6D00000000000000000000000000000000066
S113B6E00000000000000000000000000000000056
S113B6F00000000000000000000000000000000046
S113B7000000000000000000000000000000000035
S113B7100000000000000000000000000000000025
S113B7200000000000000000000000000000000015
S113B7300000000000000000000000000000000005
S113B74000000000000000000000000000000000F5
S113B75000000000000000000000000000000000E5
S113B76000000000000000000000000000000000D5
S113B77000000000000000000000000000000000C5
S113B78000000000000000000000000000000000B5
S113B79000000000000000000000000000000000A5
S113B7A00000000000000000000000000000000095
S113B7B00000000000000000000000000000000085
S113B7C00000000000000000000000000000000075
S113B7D00000000000000000000000000000000065
S113B7E00000000000000000000000000000000055
S113B7F00000000000000000000000000000000045
S113B8000000000000000000000000000000000034
S113B8100000000000000000000000000000000024
S113B8200000000000000000000000000000000014
S113B8300000000000000000000000000000000004
S113B84000000000000000000000000000000000F4
S113B85000000000000000000000000000000000E4
S113B86000000000000000000000000000000000D4
S113B87000000000000000000000000000000000C4
S113B88000000000000000000000000000000000B4
S113B89000000000000000000000000000000000A4
S113B8A00000000000000000000000000000000094
S113B8B00000000000000000000000000000000084
S113B8C00000000000000000000000000000000074
S113B8D00000000000000000000000000000000064
S113B8E00000000000000000000000000000000054
S113B8F00000000000000000000000000000000044
S113B9000000000000000000000000000000000033
S113B9100000000000000000000000000000000023
S113B9200000000000000000000000000000000013
S113B9300000000000000000000000000000000003
S113B94000000000000000000000000000000000F3
S113B95000000000000000000000000000000000E3
S113B96000000000000000000000000000000000D3
S113B97000000000000000000000000000000000C3
S113B98000000000000000000000000000000000B3
S113B99000000000000000000000000000000000A3
S113B9A00000000000000000000000000000000093
S113B9B00000000000000000000000000000000083
S113B9C00000000000000000000000000000000073
S113B9D00000000000000000000000000000000063
S113B9E00000000000000000000000000000000053
S113B9F00000000000000000000000000000000043
S113BA000000000000000000000000000000000032
S113BA100000000000000000000000000000000022
S113BA200000000000000000000000000000000012
S113BA300000000000000000000000000000000002
S113BA4000000000000000000000000000000000F2
S113BA5000000000000000000000000000000000E2
S113BA6000000000000000000000000000000000D2
S113BA7000000000000000000000000000000000C2
S113BA8000000000000000000000000000000000B2
S113BA9000000000000000000000000000000000A2
S113BAA00000000000000000000000000000000092
S113BAB00000000000000000000000000000000082
S113BAC00000000000000000000000000000000072
S113BAD00000000000000000000000000000000062
S113BAE00000000000000000000000000000000052
S113BAF00000000000000000000000000000000042
S113BB000000000000000000000000000000000031
S113BB100000000000000000000000000000000021
S113BB200000000000000000000000000000000011
S113BB300000000000000000000000000000000001
S113BB4000000000000000000000000000000000F1
S113BB5000000000000000000000000000000000E1
S113BB6000000000000000000000000000000000D1
S113BB7000000000000000000000000000000000C1
S113BB8000000000000000000000000000000000B1
S113BB9000000000000000000000000000000000A1
S113BBA00000000000000000000000000000000091
S113BBB00000000000000000000000000000000081
S113BBC00000000000000000000000000000000071
S113BBD00000000000000000000000000000000061
S113BBE00000000000000000000000000000000051
S113BBF00000000000000000000000000000000041
S113BC000000000000000000000000000000000030
S113BC100000000000000000000000000000000020
S113BC200000000000000000000000000000000010
S113BC300000000000000000000000000000000000
S113BC4000000000000000000000000000000000F0
S113BC5000000000000000000000000000000000E0
S113BC6000000000000000000000000000000000D0
S113BC7000000000000000000000000000000000C0
S113BC8000000000000000000000000000000000B0
S113BC9000000000000000000000000000000000A0
S113BCA00000000000000000000000000000000090
S113BCB00000000000000000000000000000000080
S113BCC00000000000000000000000000000000070
S113BCD00000000000000000000000000000000060
S113BCE00000000000000000000000000000000050
S113BCF00000000000000000000000000000000040
S113BD00000000000000000000000000000000002F
S113BD10000000000000000000000000000000001F
S113BD20000000000000000000000000000000000F
S113BD3000000000000000000000000000000000FF
S113BD4000000000000000000000000000000000EF
S113BD5000000000000000000000000000000000DF
S113BD6000000000000000000000000000000000CF
S113BD7000000000000000000000000000000000BF
S113BD8000000000000000000000000000000000AF
S113BD90000000000000000000000000000000009F
S113BDA0000000000000000000000000000000008F
S113BDB0000000000000000000000000000000007F
S113BDC0000000000000000000000000000000006F
S113BDD0000000000000000000000000000000005F
S113BDE0000000000000000000000000000000004F
S113BDF0000000000000000000000000000000003F
S113BE00000000000000000000000000000000002E
S113BE10000000000000000000000000000000001E
S113BE20000000000000000000000000000000000E
S113BE3000000000000000000000000000000000FE
S113BE4000000000000000000000000000000000EE
S113BE5000000000000000000000000000000000DE
S113BE6000000000000000000000000000000000CE
S113BE7000000000000000000000000000000000BE
S113BE8000000000000000000000000000000000AE
S113BE90000000000000000000000000000000009E
S113BEA0000000000000000000000000000000008E
S113BEB0000000000000000000000000000000007E
S113BEC0000000000000000000000000000000006E
S113BED0000000000000000000000000000000005E
S113BEE0000000000000000000000000000000004E
S113BEF0000000000000000000000000000000003E
S113BF00000000000000000000000000000000002D
S113BF10000000000000000000000000000000001D
S113BF20000000000000000000000000000000000D
S113BF3000000000000000000000000000000000FD
S113BF4000000000000000000000000000000000ED
S113BF5000000000000000000000000000000000DD
S113BF6000000000000000000000000000000000CD
S113BF7000000000000000000000000000000000BD
S113BF8000000000000000000000000000000000AD
S113BF90000000000000000000000000000000009D
S113BFA0000000000000000000000000000000008D
S113BFB0000000000000000000000000000000007D
S113BFC0000000000000000000000000000000006D
S113BFD0000000000000000000000000000000005D
S113BFE0000000000000000000000000000000004D
S113BFF0000000000000000000000000000000003D
S113C000000000000000000000000000000000002C
S113C010000000000000000000000000000000001C
S113C020000000000000000000000000000000000C
S113C03000000000000000000000000000000000FC
S113C04000000000000000000000000000000000EC
S113C05000000000000000000000000000000000DC
S113C06000000000000000000000000000000000CC
S113C07000000000000000000000000000000000BC
S113C08000000000000000000000000000000000AC
S113C090000000000000000000000000000000009C
S113C0A0000000000000000000000000000000008C
S113C0B0000000000000000000000000000000007C
S113C0C0000000000000000000000000000000006C
S113C0D0000000000000000000000000000000005C
S113C0E0000000000000000000000000000000004C
S113C0F0000000000000000000000000000000003C
S113C100000000000000000000000000000000002B
S113C110000000000000000000000000000000001B
S113C120000000000000000000000000000000000B
S113C13000000000000000000000000000000000FB
S113C14000000000000000000000000000000000EB
S113C15000000000000000000000000000000000DB
S113C16000000000000000000000000000000000CB
S113C17000000000000000000000000000000000BB
S113C18000000000000000000000000000000000AB
S113C190000000000000000000000000000000009B
S113C1A0000000000000000000000000000000008B
S113C1B0000000000000000000000000000000007B
S113C1C0000000000000000000000000000000006B
S113C1D0000000000000000000000000000000005B
S113C1E0000000000000000000000000000000004B
S113C1F0000000000000000000000000000000003B
S113C200000000000000000000000000000000002A
S113C210000000000000000000000000000000001A
S113C220000000000000000000000000000000000A
S113C23000000000000000000000000000000000FA
S113C24000000000000000000000000000000000EA
S113C25000000000000000000000000000000000DA
S113C26000000000000000000000000000000000CA
S113C27000000000000000000000000000000000BA
S113C28000000000000000000000000000000000AA
S113C290000000000000000000000000000000009A
S113C2A0000000000000000000000000000000008A
S113C2B0000000000000000000000000000000007A
S113C2C0000000000000000000000000000000006A
S113C2D0000000000000000000000000000000005A
S113C2E0000000000000000000000000000000004A
S113C2F0000000000000000000000000000000003A
S113C3000000000000000000000000000000000029
S113C3100000000000000000000000000000000019
S113C3200000000000000000000000000000000009
S113C33000000000000000000000000000000000F9
S113C34000000000000000000000000000000000E9
S113C35000000000000000000000000000000000D9
S113C36000000000000000000000000000000000C9
S113C37000000000000000000000000000000000B9
S113C38000000000000000000000000000000000A9
S113C3900000000000000000000000000000000099
S113C3A00000000000000000000000000000000089
S113C3B00000000000000000000000000000000079
S113C3C00000000000000000000000000000000069
S113C3D00000000000000000000000000000000059
S113C3E00000000000000000000000000000000049
S113C3F00000000000000000000000000000000039
S113C4000000000000000000000000000000000028
S113C4100000000000000000000000000000000018
S113C4200000000000000000000000000000000008
S113C43000000000000000000000000000000000F8
S113C44000000000000000000000000000000000E8
S113C45000000000000000000000000000000000D8
S113C46000000000000000000000000000000000C8
S113C47000000000000000000000000000000000B8
S113C48000000000000000000000000000000000A8
S113C4900000000000000000000000000000000098
S113C4A00000000000000000000000000000000088
S113C4B00000000000000000000000000000000078
S113C4C00000000000000000000000000000000068
S113C4D00000000000000000000000000000000058
S113C4E00000000000000000000000000000000048
S113C4F00000000000000000000000000000000038
S113C5000000000000000000000000000000000027
S113C5100000000000000000000000000000000017
S113C5200000000000000000000000000000000007
S113C53000000000000000000000000000000000F7
S113C54000000000000000000000000000000000E7
S113C55000000000000000000000000000000000D7
S113C56000000000000000000000000000000000C7
S113C57000000000000000000000000000000000B7
S113C58000000000000000000000000000000000A7
S113C5900000000000000000000000000000000097
S113C5A00000000000000000000000000000000087
S113C5B00000000000000000000000000000000077
S113C5C00000000000000000000000000000000067
S113C5D00000000000000000000000000000000057
S113C5E00000000000000000000000000000000047
S113C5F00000000000000000000000000000000037
S113C6000000000000000000000000000000000026
S113C6100000000000000000000000000000000016
S113C6200000000000000000000000000000000006
S113C63000000000000000000000000000000000F6
S113C64000000000000000000000000000000000E6
S113C65000000000000000000000000000000000D6
S113C66000000000000000000000000000000000C6
S113C67000000000000000000000000000000000B6
S113C68000000000000000000000000000000000A6
S113C6900000000000000000000000000000000096
S113C6A00000000000000000000000000000000086
S113C6B00000000000000000000000000000000076
S113C6C00000000000000000000000000000000066
S113C6D00000000000000000000000000000000056
S113C6E00000000000000000000000000000000046
S113C6F00000000000000000000000000000000036
S113C7000000000000000000000000000000000025
S113C7100000000000000000000000000000000015
S113C7200000000000000000000000000000000005
S113C73000000000000000000000000000000000F5
S113C74000000000000000000000000000000000E5
S113C75000000000000000000000000000000000D5
S113C76000000000000000000000000000000000C5
S113C77000000000000000000000000000000000B5
S113C78000000000000000000000000000000000A5
S113C7900000000000000000000000000000000095
S113C7A00000000000000000000000000000000085
S113C7B00000000000000000000000000000000075
S113C7C00000000000000000000000000000000065
S113C7D00000000000000000000000000000000055
S113C7E00000000000000000000000000000000045
S113C7F00000000000000000000000000000000035
S113C8000000000000000000000000000000000024
S113C8100000000000000000000000000000000014
S113C8200000000000000000000000000000000004
S113C83000000000000000000000000000000000F4
S113C84000000000000000000000000000000000E4
S113C85000000000000000000000000000000000D4
S113C86000000000000000000000000000000000C4
S113C87000000000000000000000000000000000B4
S113C88000000000000000000000000000000000A4
S113C8900000000000000000000000000000000094
S113C8A00000000000000000000000000000000084
S113C8B00000000000000000000000000000000074
S113C8C00000000000000000000000000000000064
S113C8D00000000000000000000000000000000054
S113C8E00000000000000000000000000000000044
S113C8F00000000000000000010102010201010229
S113C900010101020201012B2D267C5E3C3E000048
S113C9100000000000000000000000000000000013
S113C9200000000000000000000000000000000003
S113C93000000000000000000000000000000000F3
S113C94000000000000000000000000000000000E3
S113C95000000000000000000000000000000000D3
S113C96000000000000000000000000000000000C3
S113C97000000000000000000000000000000000B3
S113C98000000000000000000000000000000000A3
S113C9900000000000000000000000000000000093
S113C9A00000000000000000000000000000000083
S113C9B00000000000000000000000000000000073
S113C9C00000000000000000000000000000000063
S113C9D00000000000000000000000000000000053
S113C9E00000000000000000000000000000000043
S113C9F00000000000000000000000000000000033
S113CA0000000000000000000000000000004F5281
S113CA1047202437303030004C4142454C3A204CBA
S113CA20444120233100276127002558585858587D
S113CA30585831004C444100444200445700444398
S113CA4000494D504F525400454E54525900410034
S113CA505900535441525400464F4F002020203B6C
S113CA6020636F6D6D656E74004C4142454C004C03
S113CA704142454C3A004C4441202331004C414250
S113CA80454C204C4441202331004C4142454C3A12
S113CA90204C4441202331004E414D452045515501
S113CAA020243132005A505F4F46465345543020BB
S113CAB045515520243030004142535F4F46465380
S113CAC045543020455155202430303030005A50E0
S113CAD05F504C555320455155205A505F4F4646A0
S113CAE0534554302B31004142535F504C55532031
S113CAF0455155204142535F4F4646534554302BD0
S113CB00310053495A4520455155204142535F5005
S113CB104C55532D4142535F4F46465345543000C4
S113CB204C4441205A505F504C5553004C444120D2
S113CB304142535F504C55530053454544204442B1
S113CB4020243532005345454420445720243132B3
S113CB503334004F524720243730303000454E44A0
S113CB60004C4142454C204F52472024373030304E
S113CB70004C4142454C20454E44004F5247004E24
S113CB80414D4520455155005345454420444200FC
S113CB90534545442044570041204C44412023310F
S113CBA0002E4C4F4F5000454E4420580044432023
S113CBB0432C224F4B220053544152540020202036
S113CBC020202020204F5247202437303030004F7F
S113CBD055542045515520243731303000434F55AA
S113CBE04E54204551552031360041534D54455340
S113CBF054204C4458202330002020202020202082
S113CC00204C445920232434440020202020202078
S113CC10202053545A2053554D004C4F4F50202040
S113CC2020204C444120534545442C5800202020CA
S113CC302020202020535441204F55542C580020AC
S113CC4020202020202020454F522053554D0020E5
S113CC50202020202020205354412053554D0020D3
S113CC6020202020202020494E5800202020202051
S113CC702020204350582023434F554E5400202059
S113CC80202020202020424E45204C4F4F50002091
S113CC902020202020202052545300534545442076
S113CCA02020204442202435322C2432442C2435A4
S113CCB0392C2434462C2435322C2435332C24327C
S113CCC0302C2434310020202020202020204442F5
S113CCD0202435332C2434442C2432302C24353471
S113CCE02C2434352C2435332C2435342C2432454F
S113CCF0002020202020202020454E440053554D64
S113CD002045515520243731313000202020202067
S113CD102020204C44412024313200202020202097
S113CD20202020524D4220332C2431320020202058
S113CD30202020202042425220332C2431322C2423
S113CD40373031300020202020202020204C444146
S113CD502024303031320020202020202020204C7C
S113CD604441202824313229002020202020202062
S113CD70204C444120282431322C582900202020E2
S113CD8020202020204C44412028243132292C59B1
S113CD9000202020202020202041534C204100202E
S113CDA0202020202020204C44412041002020200D
S113CDB020202020204C4441203132004C4F4F5041
S113CDC00020202020202020204A535220464F4F6C
S113CDD00020202020202020204A4D5020243030C4
S113CDE031320020202020202020204A4D502028AD
S113CDF02430303132290020202020202020204AD5
S113CE004D50202824303031322C58290020202045
S113CE10202020202042524B202324313200202085
S113CE2020202020202042524B2024313200202078
S113CE302020202020204C4458202431320020205F
S113CE402020202020204C4458202430303132002F
S113CE5020202020202020204C4458202431322C13
S113CE60590020202020202020204C445820243009
S113CE703031322C590020202020202020204C4406
S113CE8059202431320020202020202020204C440E
S113CE90592024303031320020202020202020202E
S113CEA04C4459202431322C5800202020202020AA
S113CEB020204C44592024303031322C580020207A
S113CEC020202020202043505820243132002020CC
S113CED0202020202020435058202430303132009C
S113CEE020202020202020204C53520020202020CD
S113CEF0202020204C53522041002020202020209C
S113CF0020204C5352202431320020202020202085
S113CF1020204C5352202430303132002020202055
S113CF20202020204C5352202431322C5800202021
S113CF302020202020204C53522024303031322C09
S113CF4058002020202020202020524F4C00202058
S113CF50202020202020524F4C204100202020203F
S113CF6020202020524F4C20243132002020202029
S113CF7020202020524F4C202430303132002020F9
S113CF80202020202020524F4C202431322C5800C5
S113CF902020202020202020524F4C2024303031CB
S113CFA0322C58002020202020202020524F5200D4
S113CFB02020202020202020524F522041002020D9
S113CFC0202020202020524F5220243132002020C3
S113CFD0202020202020524F522024303031320093
S113CFE02020202020202020524F52202431322C77
S113CFF058002020202020202020524F522024306E
S113D0003031322C5800202020202020202042497A
S113D01054202324313200202020202020202042AC
S113D0204954202431320020202020202020204276
S113D0304954202430303132002020202020202068
S113D04020424954202431322C5800202020202012
S113D0502020204249542024303031322C580020E2
S113D06020202020202020524D4220332C243132F5
S113D070002020202020202020534D4220332C2427
S113D0803132002020202020202020424252203310
S113D0902C2431322C2A0020202020202020204241
S113D0A0425320332C2431322C2A002020202020EB
S113D0B020202053545820243132002020202020C6
S113D0C02020205354582024303031320020202096
S113D0D02020202020535458202431322C59002061
S113D0E02020202020202053545920243132002095
S113D0F02020202020202053545920243030313245
S113D1000020202020202020205354592024313274
S113D1102C5800202020202020202054524220245B
S113D120313200202020202020202054524220246C
S113D130303031320020202020202020205453423F
S113D140202431320020202020202020205453424B
S113D1502024303031320020202020202020204381
S113D1605059202324313200202020202020202048
S113D1704350592024313200202020202020202018
S113D18043505920243030313200202020202020E8
S113D1902020494E43204100202020202020202010
S113D1A0494E4320243132002020202020202020FA
S113D1B0494E4320243030313200202020202020CA
S113D1C02020494E43202431322C58002020202096
S113D1D020202020494E432024303031322C580066
S113D1E020202020202020204445432041002020CE
S113D1F020202020202044454320243132002020B8
S113D2002020202020204445432024303031320087
S113D2102020202020202020444543202431322C6B
S113D2205800202020202020202044454320243062
S113D2303031322C58002020202020202020434D43
S113D240502023243132002020202020202020437D
S113D2504D50202431320020202020202020204343
S113D2604D50202430303132002020202020202036
S113D27020434D50202431322C58002020202020DF
S113D280202020434D502024303031322C580020AF
S113D2902020202020202041444320232431320018
S113D2A0202020202020202041444320243132000B
S113D2B020202020202020204144432024303031CD
S113D2C032002020202020202020414443202431EB
S113D2D0322C5800202020202020202041444320AC
S113D2E024303031322C58002020202020202020CF
S113D2F053424320232431320020202020202020A8
S113D300205342432024313200202020202020209A
S113D310205342432024303031320020202020206A
S113D320202020534243202431322C580020202036
S113D33020202020205342432024303031322C58E6
S113D340002020202020202020414E44202324316E
S113D35032002020202020202020414E442024314F
S113D36032002020202020202020414E4420243040
S113D370303132002020202020202020414E442023
S113D3802431322C58002020202020202020414EFF
S113D390442024303031322C5800202020202020FA
S113D3A020204F52412023243132002020202020ED
S113D3B02020204F524120243132002020202020E0
S113D3C02020204F524120243030313200202020B0
S113D3D020202020204F5241202431322C5800207C
S113D3E0202020202020204F524120243030313270
S113D3F02C580020202020202020204F524120247F
S113D400303031322C59002020202020202020418F
S113D410444320282431322C582900202020202065
S113D4202020204144432028243132290020202078
S113D43020202020204144432028243132292C5903
S113D4400020202020202020205342432028243163
S113D450322C582900202020202020202053424311
S113D460202824313229002020202020202020536D
S113D47042432028243132292C5900202020202006
S113D480202020414E4420282431322C58290020C9
S113D49020202020202020414E44202824313229DD
S113D4A0002020202020202020414E442028243108
S113D4B032292C590020202020202020204F5241A6
S113D4C020282431322C58290020202020202020FC
S113D4D0204F5241202824313229002020202020AE
S113D4E02020204F52412028243132292C59002059
S113D4F020202020202020454F5220282431322C67
S113D5005829002020202020202020454F52202868
S113D51024313229002020202020202020454F5271
S113D5202028243132292C5900202020202020209A
S113D53020434D5020282431322C5829002020200B
S113D5402020202020434D5020282431322900203F
S113D55020202020202020434D502028243132290F
S113D5602C590020202020202020204C4441202819
S113D5702431322C58290020202020202020204C27
S113D580444120282431322900202020202020203A
S113D590204C44412028243132292C5900202020B9
S113D5A0202020202053544120282431322C582973
S113D5B000202020202020202053544120282431E2
S113D5C032290020202020202020205354412028CC
S113D5D0243132292C5900202020202020202053BF
S113D5E054412024303031322C5900202020202076
S113D5F0202020414E442024303031322C59002048
S113D60020202020202020454F5220243030313249
S113D6102C59002020202020202020414443202475
S113D620303031322C590020202020202020204C62
S113D63044412024303031322C5900202020202035
S113D640202020434D502024303031322C590020EA
S113D6502020202020202053424320243030313207
S113D6602C59002020202020202020434C4300203F
S113D67020202020202020434C4400202020202053
S113D680202020434C49002020202020202020431B
S113D6904C560020202020202020205345430020E9
S113D6A0202020202020205345440020202020201A
S113D6B02020205345490020202020202020204ED7
S113D6C04F500020202020202020204445580020B6
S113D6D020202020202020444559002020202020E4
S113D6E0202020494E590020202020202020205492
S113D6F0415800202020202020202054415900207F
S113D7002020202020202054535800202020202096
S113D7102020205458410020202020202020205464
S113D720585300202020202020202054594100203C
S113D730202020202020205048410020202020208C
S113D740202020504850002020202020202020503D
S113D7504858002020202020202020504859002014
S113D76020202020202020504C4100202020202058
S113D770202020504C500020202020202020205009
S113D7804C58002020202020202020504C590020DC
S113D7902020202020202052544900202020202016
S113D7A020202057414900202020202020202053E1
S113D7B05450002E3E5062768698AABECECECECE6F
S113D7C0CECECECECECECEE0ECFA0A1C2E424E5CAD
S113D7D06C7E90A4B0BECEE0F2CECECECFCFCFCF73
S113D7E0CFCFCFCFCFCFCFCFCFCFCF061727394B88
S113D7F0D0D0D0D0D05F71D0D08397D0D0ABBBCDB8
S113D800DFEF0113233545576878D0D0D0D0D0D17D
S113D810D1D1D1D1D1D1D18A98A8BACCE0EEFE1021
S113D82022364757697BD1D1D1D1D1D1D1D1D2D2EE
S113D830D2D2D2D2D28FA0B0C2D4E8F9091B2D41E2
S113D840526274869AABBBCDDFD2D2D2D2D2D2D2BC
S113D850D3D3D3D3D3D3D3D3D3D3D3D3D3071B2DBE
S113D8604155677B8FA1B5C9DBEF0315293D4F6394
S113D87077899DB1C3D7D4D4D4D4D4D4D4D4D4D474
S113D880D4D4D4D5D5D5D5D5D5D5D5D5D5D5D5F329
S113D890EBFF13273B4FD3D5D5D6D6D6D6636F7BB4
S113D8A087939FABB7C3CFDBE7F3FF0B17232F3B64
S113D8B047535F6B77838F9BA7D6D6D6D6D6D6D65B
S113D8C0D6D6D6D6D6D6D6D7D7D7D7D7D7D7D7D7EB
S113D8D0D7D7D7D7D720202020202020204A535222
S113D8E020464F4F0020202020202020204A535241
S113D8F020455854002020202020202020424E453E
S113D90020464F4F00202020202020202042425239
S113D91020332C2431322C464F4F0020202020204D
S113D92020202042425220332C2431322C243930FE
S113D93030300020202020202020204E4F50002076
S113D940202020202020204C444120232431320058
S113D95020202020202020204442202431322C2446
S113D9603334002020202020202020445320322C37
S113D9702430300020202020202020204442202455
S113D9804135002020202020202020445320312C09
S113D990243543002020202020202020444220241D
S113D9A031322C2433342C243536002020202020FE
S113D9B0202020445320332C2430300020202020E9
S113D9C020202020424E4520464F4F00464F4F20F6
S113D9D0535441202324313200464F4F204E4F50A0
S113D9E0004C494D495420455155202A0041465484
S113D9F045520020202020202020204C4441202378
S113DA003C464F4F0020202020202020204C444121
S113DA1020233E464F4F0020202020202020204C51
S113DA20444120233C45585400202020202020201D
S113DA30204C445820233E455854004D41494E2023
S113DA40425241202E534B495000202020202020B8
S113DA5020204C44412023244545002E534B49505B
S113DA60204E4F50004E455854204E4F50004D41CB
S113DA70494E20425241202E4D495353002020202C
S113DA8020202020204A53522042415200464F4F2A
S113DA90004144445220455155202431323334004E
S113DAA053454544204442202446462C31302C27FB
S113DAB041272C24313233342C3C414444522C3EF3
S113DAC04144445200202020202020202044422091
S113DAD04657442C3C4657442C3E4657440020208D
S113DAE020202020202044572046574400465744F5
S113DAF02052545300574F5244204457202431326B
S113DB0033342C2431322C31302B312C2741270053
S113DB104353545220444320432C224F4B22004869
S113DB20425354522044432048422C224F4B22005B
S113DB305053545220444320502C224F4B22005225
S113DB40415720444320274F4B273B20636F6D7080
S113DB506163742072617700433220444320432779
S113DB604F4B270048322044432048274F4B27007F
S113DB7050322044432050274F4B2700523020443A
S113DB8043202727004330204443204327270048CD
S113DB90302044432048272700503020444320505D
S113DBA027270020202020202020204C444120230F
S113DBB02741270020202020202020204443202704
S113DBC04141414141414141414141414141414141
S113DBD04141414141414141414141414141414131
S113DBE04141414141414141414141414141414121
S113DBF04141414141414141414141414141414111
S113DC004141414141414141414141414141414100
S113DC1041414141414141414141414141414141F0
S113DC2041414141414141414141414141414141E0
S113DC3041414141414141414141414141414141D0
S113DC4041414141414141414141414141414141C0
S113DC5041414141414141414141414141414141B0
S113DC6041414141414141414141414141414141A0
S113DC704141414141414141414141414141414190
S113DC804141414141414141414141414141414180
S113DC904141414141414141414141414141414170
S113DCA04141414141414141414141414141414160
S113DCB0414141414141414141414141414141276A
S113DCC000202020202020202044432027414141BF
S113DCD04141414141414141414141414141414130
S113DCE04141414141414141414141414141414120
S113DCF04141414141414141414141414141414110
S113DD0041414141414141414141414141414141FF
S113DD1041414141414141414141414141414141EF
S113DD2041414141414141414141414141414141DF
S113DD3041414141414141414141414141414141CF
S113DD4041414141414141414141414141414141BF
S113DD5041414141414141414141414141414141AF
S113DD60414141414141414141414141414141419F
S113DD70414141414141414141414141414141418F
S113DD80414141414141414141414141414141417F
S113DD90414141414141414141414141414141416F
S113DDA0414141414141414141414141414141415F
S113DDB0414141414141414141414141414141414F
S113DDC041414141414141414141414141270020BB
S113DDD020202020202020444320274E4F002020B4
S113DDE0202020202020444320274954272753273C
S113DDF000202020202020202044432058274E4F5C
S113DE0027002020202020202020444320582C229A
S113DE104E4F220020202020202020204F52472037
S113DE202A0020202020202020204F524720243761
S113DE303031300020202020202020204F52472045
S113DE4024373030460020202020202020204F522C
S113DE504720243745303000425546204453203370
S113DE602C24414100202020202020202044532025
S113DE70322C24313233340042554620445300209E
S113DE802020202020202044532024303130300012
S113DE9050415420445320362C2441412C24353500
S113DEA02C2741272C273527002020202020202024
S113DEB020445320332C2431312C2432322C24336B
S113DEC0332C243434002020202020202020494DCD
S113DED0504F525420455854002020202020202008
S113DEE020494D504F5254204C44410020202020C2
S113DEF020202020494D504F52542045585420583A
S113DF000020202020202020204442204558542C4A
S113DF103C4558542C3E45585400202020202020B5
S113DF202020445720455854004D41494E20525416
S113DF3053002020202020202020454E54525920D8
S113DF404D41494E006D61696E004F544845520081
S113DF502020202020202020494D504F5254204280
S113DF60494F5F465444495F5055545F435354529C
S113DF700020202020202020204A53522042494FB4
S113DF805F465444495F5055545F435354520020F4
S113DF90202020202020204C444120233C42494F73
S113DFA05F465444495F5055545F435354520020D4
S113DFB0202020202020204C445820233E42494F3A
S113DFC05F465444495F5055545F435354520020B4
S113DFD0202020202020204A5352205441524745DB
S113DFE0540020202020202020204C444120233C89
S113DFF05441524745540020202020202020204C0A
S113E000445820233E5441524745540054415247FA
S113E01045542052545300A200A04D9C10719D0001
S113E020714D10718D1071E8E010D0EB604C12004E
S113E0306C12007C120000120012A612AE1200B67E
S113E04012BE1200A412AC1200B412BC1200E412EC
S113E050EC12004A4A46124E120056125E12002A70
S113E0602A26122E120036123E12006A6A66126EB8
S113E070120076127E1200891224122C120034121D
S113E0803C12003712B7123F12FDBF12FD86128EEA
S113E0901200961284128C1200941214121C120094
S113E0A004120C1200C012C412CC12001AE612EEB2
S113E0B01200F612FE12003AC612CE1200D612DE7A
S113E0C01200C912C512CD1200D512DD1200691258
S113E0D065126D120075127D1200E912E512ED123F
S113E0E000F512FD1200291225122D120035123DE1
S113E0F01200091205120D120015121D12006112F0
S113E10072127112E112F212F11221123212311250
S113E110011212121112411252125112C112D212D0
S113E120D112A112B212B112811292129112991249
S113E13000191200391200591200791200B91200A4
S113E140D91200F9120018D858B838F878EACA88F1
S113E150C8AAA8BA8A9A984808DA5A6828FA7A4063
S113E160CBDBA2009C1071BD17709D00714D107126
S113E1708D1071E8E010D0EF60522D594F525320AA
S113E18041534D20544553542EFF0A413412341246
S113E190341212000B004100067006700670604FC6
S113E1A04B004FCB024F4B4F4B4F4B004FCB024FCB
S113E1B04B008000A941FFFFFFFFFFFF40414240A9
S113E1C00405060400020304AAAAAA3434AA554189
S113E1D035AA5511223331300033323030004241F8
S113E1E042420024313200243030313200274127AA
S113E1F000255858585858585831002A00243030AF
S113E20031322B31002431322B3100243030313281
S113E2102D2430303131002446462B310024313254
S113E2202024333400312B323C3C33002446307CF0
S113E230243046002446305E2441410024463026E2
S113E2402443430024383030313E3E3100313C3CDD
S113E2503135002558585858585858317C25585845
S113E2605858585831580025585858585858583004
S113E2702625313131313131313100313C3C3136B7
S113E28000313C32004F5247202437303030004CAC
S113E29044412023313C3C3136004C44412023315D
S113E2A03C32004C4441202324463026243132336E
S113E2B0340044415441204442202431312C24323E
S113E2C032004C444120444154412B31004442200B
S113E2D0444154412B3100445720444154412B3193
S113E2E000445320322C313C3C3300454E44001151
S113E2F022AD017001700170080825E21800FFFFCB
S113E30000002CE2FF00FF00000134E25A00FF008D
S113E31000013CE2C000FF00000144E20040FFFFB6
S113E32000004DE20080FFFF000053E20300030001
S113E330020567E2000001000205004C4142454C21
S113E34000464F4F2045515520243132004144446A
S113E350522045515520243030313200434F554E20
S113E36054204551552031300045525220455155D5
S113E37020255858585858585831004E4F50450089
S113E38030E99F37B114D7ADAF10DDE21EEE9A4BE2
S113E390142380A841534D20322E3635204943CFD3
S113E3A041534D3EA04F4B2050433DA44552523D56
S113E3B0A4524541443DA4204259544553BD2046EE
S113E3C049583DA44259C541534D20322E3635207B
S113E3D05255CE41534D20322E3635205445535498
S113E3E053204FCB41534D20322E363520544553C4
S113E3F0545320464149CC533DA420583DA42059B0
S113E4003DA42041312041425331B62041322052B3
S113E410454CB82041332052454C382052414E4798
S113E420C52041342053454C4543D4204135204C2C
S113E4304FB8204136204849B82041372050454E36
S113E44044494E4720454EC420414320494D504F36
S113E45052D420414620534954452F424153C520AC
S113E46042312041425331362042454749CE204271
S113E4703220414253313620454D49D42042332085
S113E48041425331362042595445D320423420412D
S113E4904253313620524FD7204235204142533126
S113E4A03620534954C52042362041425331362048
S113E4B042494EC42042372041425331362052450E
S113E4C0534F4C56C52042382041425331362050D8
S113E4D041544348204CCF204239204142533136E5
S113E4E02050415443482048C920424120414253CE
S113E4F0313620454EC42042422052454C4F4341C0
S113E50054C52043312044422042454749CE20434C
S113E510322044422041444452204551D5204333C3
S113E52020444220454D49D42043342044422042D3
S113E530595445D32043352044422050C320433608
S113E54020444220454D5054D92043372044422092
S113E550554E4B4E4F57CE204338204F5247204301
S113E560555252454ED4204339204F524720464FEE
S113E57052574152C4204341204F52472042414305
S113E580CB20434220445320454D49D420434320CB
S113E59044532042595445D32043442044532050EB
S113E5A0C320434520445320454D5054D92043466D
S113E5B02044532052414E47C52044302044532028
S113E5C04C49535420454D49D420443120445320D0
S113E5D04C4953542042595445D320443220445387
S113E5E0204C4953542050C3204433205741524EA9
S113E5F05F44535F575241D0204434204245474939
S113E6004E20484947C8204435204F5247204849A6
S113E61047C820443620445720454D49D420443728
S113E6202044572042595445D3204438204457208D
S113E63050C320443920445720454D5054D95741A4
S113E640524E205741524E5F44535F575241D0209F
S113E650303020524A4F49CE20313020424547497C
S113E660CE203230204C4558204C494EC520333002
S113E67020544F4B454ED320343020564F4341C293
S113E680203530205041525345D22035362045584C
S113E69050D2203538204C494EC520353920454DBF
S113E6A049D4203541204F504552414EC420354273
S113E6B0204F50434F44C5203543204649585550B8
S113E6C0D3203544204449524543D4203545205273
S113E6D045504F52D42036302053594D424F4CD3DD
S113E6E02037302041534D544553D4203830204CEA
S113E6F04F4E47204C494EC520393020454EC45713
S113E7003DA42053594D3DA42050433DA441534DB5
S113E710205245504F52D4535441545553BD4FCBBE
S113E7204552524C494E453DA453544152543DA484
S113E73050433DA4484947483DA442595445533D9C
S113E740A44C494E45533DA453594D533DA4464909
S113E750585550533DA4524546533DA45452554E2A
S113E760433D5945D35452554E433D4ECF555345E1
S113E770C4554E555345C4204445463DA4205245F6
S113E78046533DA42046495253543DA45345414C5D
S113E790204F4B20464C4147533DA4204241534512
S113E7A03DA420454E443DA45345414C205245438D
S113E7B020403DA4204C454E3DA420464E563DA449
S113E7C05345414C2052454C20403DA45345414CB7
S113E7D02045585020403DA45345414C20494D50BC
S113E7E020403DA420434F554E543DA43132333490
S113E7F035363738393031323334353637383930C5
S113E80031323334353637383930313233343536C2
S113E81037383930313233343536373839303132AC
S113E82033343536373839303132333400CC41C69D
S113E8309335A26333C35043BCB9DC9ADE0E1BFA92
S113E840A9A447FA8D83F0F34EE1C00C0AD41D62EB
S113E850B36732C5E04834FF6C4E5E9F794C0FA716
S113E86014A80B73E01E66540E20D992B3046D39BC
S113E87033D66E01485AED1376B840967DB427948A
S113E880F6576D75D2D003EA77F6256D545A6A3D72
S113E890575E655449F321237573FA22235A619212
S113E8A094F0E277B38F900A45D9B4B37B410A0759
S113E8B0BAD5E1E0D0B9ACAA6810393A111B716934
S113E8C07B46D41EEBF8FAF502033C9181CFEB8E24
S113E8D08F1E1C0B7566AD747473726381777F979A
S113E8E09C9C93936A6A6A6A6C2525CECE0E0F0FA0
S113E8F0CECE4365454BF4C3C3C385804747475DCC
S113E900EEF8F8F9F9F9F9EFEFEFEFE2E8E8AAAA7F
S113E910F001010115254125252525343458565685
S113E92071716E1F0C0CC47C9157ADACF4E4A2E57C
S113E930BAB6A3FA04E4F4565B50498D4748363519
S113E9404760612529AF76C3B0A5EBD4D5481AE456
S113E950CDCCCDA7E0DE8E9FA7A6F6E7DFDEB16FB4
S113E96089CCB2353E39446FF8A2070F100D353605
S113E970D53329D2E42EAFDDDC18191D1E1F202249
S113E980232F4300000000000000000000000000EE
S113E9900000000000000000000000000000000073
S113E9A00000000000000000000000000000000063
S113E9B00000000000000000000000000000000053
S113E9C00000000000000000000000000000000043
S113E9D00000000000000000000000000000000033
S113E9E00000000000000000000000000000000023
S113E9F00000000000000000000000000000000013
S113EA000000000000000000000000000000000002
S113EA1000000000000000000000000000000000F2
S113EA2000000000000000000000000000000000E2
S113EA3000000000000000000000000000000000D2
S113EA4000000000000000000000000000000000C2
S113EA5000000000000000000000000000000000B2
S113EA6000000000000000000000000000000000A2
S113EA700000000000000000000000000000000092
S113EA800000000000000000000000000000000082
S113EA900000000000000000000000000000000072
S113EAA00000000000000000000000000000000062
S113EAB00000000000000000000000000000000052
S113EAC00000000000000000000000000000000042
S113EAD00000000000000000000000000000000032
S113EAE00000000000000000000000000000000022
S113EAF00000000000000000000000000000000012
S113EB000000000000000000000000000000000001
S113EB1000000000000000000000000000000000F1
S113EB2000000000000000000000000000000000E1
S113EB3000000000000000000000000000000000D1
S113EB4000000000000000000000000000000000C1
S113EB5000000000000000000000000000000000B1
S113EB6000000000000000000000000000000000A1
S113EB700000000000000000000000000000000091
S106EB800000008E
S9032000DC
